Time Detect LP,Time Detect Face,Total
0.083,2.865,2.948
0.08,2.84,2.92
0.087,2.869,2.957
0.087,2.892,2.98
0.083,2.817,2.901
0.08,2.784,2.864
0.081,2.846,2.927
0.083,2.889,2.971
0.081,2.788,2.87
0.082,2.791,2.873
0.09,2.814,2.904
0.089,2.847,2.936
0.082,2.83,2.912
0.087,2.771,2.859
0.082,2.797,2.879
0.082,2.787,2.869
0.083,2.755,2.838
0.083,2.786,2.869
0.153,2.797,2.95
0.083,2.8,2.883
0.083,2.813,2.896
0.083,2.814,2.897
0.081,2.832,2.913
0.084,2.805,2.889
0.084,2.813,2.897
0.086,2.782,2.868
0.084,2.795,2.88
0.083,2.783,2.866
0.083,2.821,2.904
0.084,2.767,2.851
0.084,2.769,2.853
0.086,2.759,2.845
0.084,2.753,2.837
0.085,2.745,2.83
0.085,2.732,2.816
0.084,2.801,2.886
0.081,2.748,2.829
0.085,2.804,2.889
0.084,2.785,2.869
0.086,2.789,2.875
0.084,2.807,2.891
0.157,2.771,2.928
0.085,2.776,2.861
0.083,2.773,2.856
0.09,2.83,2.92
0.086,2.786,2.872
0.085,2.827,2.912
0.087,2.837,2.923
0.088,2.781,2.869
0.092,2.811,2.902
0.083,2.778,2.861
0.085,2.788,2.872
0.085,2.778,2.863
0.084,2.764,2.848
0.093,2.775,2.868
0.087,2.84,2.927
0.086,2.821,2.906
0.084,2.791,2.875
0.086,2.763,2.848
0.084,2.814,2.898
0.094,2.765,2.859
0.087,2.776,2.863
0.086,2.783,2.869
0.086,2.786,2.871
0.085,2.773,2.858
0.087,2.784,2.871
0.084,2.806,2.89
0.094,2.761,2.855
0.084,2.815,2.898
0.086,2.815,2.901
0.086,2.792,2.879
0.086,2.796,2.883
0.086,2.859,2.946
0.087,2.791,2.878
0.085,2.801,2.885
0.089,2.837,2.926
0.094,2.789,2.883
0.089,2.814,2.902
0.095,2.774,2.869
0.086,2.78,2.866
0.086,2.801,2.887
0.086,2.775,2.862
0.089,2.763,2.851
0.085,2.779,2.865
0.086,2.79,2.876
0.085,2.816,2.901
0.084,2.774,2.859
0.087,2.791,2.877
0.086,2.788,2.874
0.091,2.797,2.888
0.087,2.784,2.871
0.088,2.813,2.9
0.088,2.793,2.882
0.087,2.789,2.877
0.087,2.812,2.899
0.087,2.765,2.852
0.086,2.746,2.832
0.087,2.827,2.914
0.09,3.002,3.092
0.091,2.978,3.069
0.094,3.011,3.105
0.087,2.766,2.853
0.086,2.746,2.832
0.086,2.762,2.848
0.086,2.762,2.848
0.088,2.718,2.805
0.086,2.766,2.852
0.085,2.776,2.861
0.089,2.807,2.896
0.087,2.783,2.87
0.092,2.765,2.857
0.094,2.78,2.874
0.09,2.813,2.902
0.086,2.784,2.87
0.087,2.72,2.806
0.085,2.773,2.858
0.085,2.723,2.808
0.092,2.784,2.875
0.087,2.754,2.841
0.086,2.784,2.87
0.086,2.78,2.867
0.088,2.753,2.841
0.094,2.774,2.868
0.085,2.774,2.859
0.087,2.721,2.808
0.087,2.757,2.844
0.093,2.752,2.845
0.087,2.785,2.872
0.089,2.744,2.832
0.086,2.768,2.854
0.085,2.799,2.884
0.085,2.752,2.837
0.085,2.807,2.892
0.088,2.725,2.813
0.087,2.798,2.885
0.085,2.774,2.859
0.087,2.816,2.903
0.09,2.758,2.848
0.086,2.746,2.832
0.088,2.758,2.846
0.086,2.758,2.845
0.087,2.787,2.874
0.088,2.788,2.877
0.087,2.782,2.869
0.087,2.75,2.837
0.086,2.774,2.86
0.086,2.779,2.866
0.094,2.782,2.875
0.088,2.75,2.838
0.095,2.748,2.843
0.089,2.771,2.859
0.089,2.783,2.872
0.088,2.776,2.864
0.086,2.798,2.884
0.088,2.807,2.895
0.088,2.805,2.894
0.086,2.787,2.873
0.086,2.822,2.908
0.094,2.762,2.856
0.093,2.764,2.857
0.087,2.779,2.865
0.087,2.74,2.827
0.087,2.813,2.9
0.088,2.772,2.86
0.087,2.775,2.862
0.089,2.793,2.882
0.094,2.799,2.893
0.091,2.764,2.855
0.089,2.803,2.892
0.088,2.774,2.862
0.088,2.738,2.826
0.088,2.776,2.864
0.162,2.764,2.926
0.091,2.82,2.911
0.094,2.806,2.899
0.087,2.746,2.833
0.089,2.82,2.909
0.089,2.74,2.829
0.095,2.792,2.887
0.089,2.766,2.855
0.088,2.767,2.855
0.093,2.796,2.888
0.089,2.79,2.879
0.095,2.782,2.877
0.09,2.78,2.87
0.089,2.773,2.862
0.088,2.783,2.871
0.088,2.783,2.87
0.09,2.777,2.867
0.088,2.778,2.866
0.089,2.786,2.876
0.087,2.832,2.919
0.087,2.805,2.892
0.09,2.768,2.858
0.091,2.781,2.872
0.089,2.788,2.877
0.09,2.77,2.86
0.09,2.775,2.865
0.088,2.807,2.895
0.089,2.807,2.896
0.087,2.661,2.749
0.085,2.701,2.787
0.095,2.707,2.801
0.088,2.702,2.791
0.088,2.694,2.782
0.091,2.671,2.762
0.1,2.497,2.598
0.101,2.627,2.728
0.105,2.665,2.771
0.109,2.697,2.806
0.103,2.679,2.782
0.104,2.643,2.747
0.111,2.678,2.789
0.104,2.715,2.819
0.102,2.705,2.807
0.103,2.693,2.796
0.105,2.653,2.758
0.115,2.662,2.776
0.103,2.647,2.75
0.111,2.698,2.809
0.105,2.625,2.73
0.112,2.734,2.846
0.103,2.649,2.752
0.105,2.694,2.799
0.105,2.703,2.808
0.113,2.745,2.858
0.107,2.726,2.833
0.11,2.706,2.816
0.109,2.471,2.58
0.105,2.902,3.007
0.109,3.134,3.243
0.225,2.916,3.141
0.108,2.851,2.959
0.107,3.018,3.124
0.109,2.955,3.064
0.112,2.884,2.996
0.107,2.697,2.804
0.107,2.702,2.809
0.106,2.654,2.759
0.105,2.642,2.746
0.109,2.69,2.799
0.107,2.68,2.787
0.109,3.045,3.154
0.11,2.611,2.722
0.107,2.684,2.791
0.118,2.716,2.834
0.11,2.676,2.785
0.107,2.634,2.741
0.105,2.717,2.822
0.108,2.688,2.796
0.108,2.69,2.798
0.107,2.663,2.77
0.115,2.66,2.775
0.109,2.619,2.728
0.106,2.654,2.759
0.107,2.645,2.752
0.109,2.654,2.763
0.107,2.678,2.785
0.108,2.63,2.738
0.108,2.63,2.738
0.109,2.6,2.709
0.106,2.639,2.745
0.108,2.631,2.739
0.108,2.688,2.796
0.109,2.626,2.735
0.108,2.65,2.758
0.107,2.622,2.729
0.115,2.61,2.725
0.114,2.628,2.742
0.107,2.652,2.759
0.107,2.441,2.547
0.108,2.636,2.744
0.109,2.676,2.785
0.111,2.594,2.705
0.109,2.619,2.727
0.107,2.619,2.726
0.107,2.668,2.775
0.108,2.636,2.744
0.108,2.639,2.747
0.107,2.645,2.752
0.112,2.62,2.732
0.106,2.64,2.746
0.115,2.637,2.752
0.109,2.634,2.743
0.11,2.655,2.765
0.108,2.656,2.764
0.111,2.688,2.799
0.108,2.631,2.739
0.111,2.609,2.72
0.11,2.642,2.752
0.108,2.666,2.774
0.108,2.688,2.795
0.108,2.664,2.772
0.111,2.682,2.792
0.108,2.648,2.756
0.109,2.65,2.759
0.107,2.679,2.786
0.12,2.895,3.015
0.11,2.652,2.762
0.112,2.847,2.959
0.136,3.211,3.347
0.131,2.971,3.102
0.119,3.105,3.224
0.12,3.012,3.132
0.114,3.014,3.127
0.223,3.235,3.457
0.122,3.219,3.341
0.123,2.923,3.046
0.113,2.808,2.921
0.11,2.671,2.781
0.11,2.726,2.837
0.112,2.745,2.857
0.118,2.859,2.977
0.113,3.006,3.118
0.109,2.809,2.919
0.121,2.757,2.878
0.111,3.174,3.285
0.132,2.449,2.581
0.113,2.795,2.908
0.117,2.626,2.744
0.108,2.663,2.771
0.114,2.671,2.785
0.108,2.704,2.812
0.114,2.688,2.802
0.108,2.664,2.772
0.111,3.125,3.236
0.112,2.871,2.983
0.113,3.158,3.271
0.113,2.798,2.911
0.111,2.694,2.805
0.114,2.627,2.741
0.113,2.607,2.72
0.112,2.608,2.719
0.112,2.637,2.749
0.11,2.599,2.709
0.108,2.639,2.746
0.109,2.652,2.761
0.115,2.702,2.817
0.11,2.682,2.792
0.109,2.647,2.757
0.11,2.693,2.803
0.117,2.651,2.767
0.109,2.617,2.726
0.107,2.649,2.756
0.109,2.619,2.727
0.109,2.671,2.78
0.112,2.604,2.717
0.108,2.68,2.788
0.112,2.686,2.797
0.11,2.633,2.743
0.11,2.628,2.737
0.108,2.643,2.752
0.116,2.648,2.765
0.117,2.628,2.745
0.113,2.64,2.753
0.11,2.636,2.746
0.112,2.665,2.777
0.113,2.648,2.761
0.11,2.649,2.759
0.11,2.612,2.722
0.11,2.626,2.736
0.111,2.637,2.748
0.116,2.639,2.754
0.111,2.625,2.735
0.118,2.658,2.775
0.11,2.668,2.778
0.11,2.599,2.71
0.108,2.61,2.718
0.117,2.613,2.731
0.112,2.65,2.763
0.117,2.643,2.76
0.118,2.701,2.82
0.11,2.625,2.735
0.117,2.644,2.761
0.111,2.636,2.747
0.11,2.669,2.779
0.11,2.618,2.728
0.12,2.642,2.762
0.119,2.617,2.736
0.113,2.608,2.721
0.109,2.602,2.711
0.114,2.617,2.73
0.113,2.625,2.738
0.112,2.66,2.772
0.119,2.636,2.755
0.109,2.656,2.765
0.111,2.645,2.756
0.111,2.657,2.768
0.11,2.589,2.699
0.109,2.594,2.703
0.109,2.588,2.697
0.117,2.645,2.762
0.114,2.625,2.738
0.109,2.677,2.787
0.111,2.621,2.732
0.11,2.672,2.782
0.113,2.634,2.747
0.11,2.639,2.749
0.112,2.649,2.761
0.118,2.642,2.76
0.098,3.221,3.319
0.092,2.97,3.063
0.093,2.948,3.041
0.095,2.774,2.869
0.093,3.627,3.72
0.093,3.013,3.106
0.101,3.367,3.468
0.095,3.788,3.882
0.1,2.803,2.903
0.095,2.777,2.872
0.096,3.63,3.725
0.095,3.037,3.132
0.097,2.984,3.08
0.095,3.396,3.491
0.095,3.407,3.502
0.095,3.374,3.469
0.095,2.953,3.048
0.096,2.997,3.093
0.095,3.168,3.264
0.097,2.763,2.86
0.097,2.796,2.893
0.102,3.17,3.272
0.095,2.95,3.044
0.1,2.812,2.911
0.103,3.191,3.294
0.098,2.952,3.05
0.106,2.789,2.894
0.095,2.774,2.87
0.096,3.169,3.264
0.104,2.978,3.082
0.097,3.396,3.493
0.095,3.42,3.515
0.096,2.789,2.885
0.097,2.976,3.073
0.099,2.986,3.084
0.094,2.959,3.053
0.096,2.791,2.886
0.104,2.767,2.871
0.1,2.765,2.865
0.105,3.004,3.108
0.105,2.99,3.096
0.097,2.994,3.091
0.095,2.805,2.9
0.097,3.372,3.469
0.098,2.785,2.883
0.101,3.159,3.259
0.098,3.754,3.852
0.096,2.896,2.992
0.097,2.9,2.998
0.095,2.97,3.065
0.096,3.544,3.64
0.096,3.337,3.433
0.095,3.374,3.469
0.096,3.153,3.249
0.105,3.961,4.066
0.097,2.968,3.065
0.1,2.758,2.857
0.099,2.941,3.04
0.097,2.955,3.052
0.097,2.965,3.063
0.099,2.73,2.829
0.098,2.759,2.857
0.098,2.748,2.845
0.1,2.768,2.868
0.098,2.814,2.911
0.099,2.765,2.863
0.106,2.767,2.873
0.099,3.188,3.287
0.097,2.993,3.09
0.099,3.124,3.223
0.095,2.777,2.872
0.097,2.737,2.835
0.097,2.961,3.058
0.098,2.83,2.928
0.1,2.789,2.888
0.1,3.342,3.442
0.098,3.325,3.423
0.098,2.78,2.878
0.098,2.768,2.866
0.098,2.786,2.884
0.107,2.753,2.86
0.098,3.195,3.292
0.099,3.166,3.265
0.107,2.786,2.893
0.108,2.776,2.884
0.1,2.773,2.872
0.098,2.981,3.079
0.101,2.78,2.881
0.099,3.219,3.318
0.098,2.77,2.868
0.106,2.977,3.083
0.1,2.763,2.862
0.097,3.014,3.11
0.107,2.804,2.91
0.097,3.186,3.283
0.098,3.131,3.229
0.102,2.996,3.099
0.1,3.383,3.483
0.1,2.76,2.86
0.102,2.778,2.88
0.098,2.947,3.045
0.102,2.787,2.89
0.099,2.834,2.933
0.105,3.015,3.12
0.101,2.807,2.908
0.101,2.95,3.051
0.098,2.932,3.03
0.097,2.795,2.892
0.101,2.985,3.086
0.096,2.779,2.875
0.106,3.394,3.5
0.099,3.354,3.454
0.102,3.133,3.234
0.106,2.967,3.073
0.098,2.994,3.091
0.101,3.202,3.303
0.099,3.168,3.267
0.107,3.383,3.49
0.101,3.168,3.269
0.101,3.14,3.24
0.099,3.142,3.241
0.099,2.951,3.05
0.099,3.595,3.694
0.097,3.157,3.254
0.1,2.773,2.873
0.103,3.359,3.462
0.099,3.386,3.485
0.096,3.369,3.465
0.103,3.575,3.679
0.1,3.152,3.252
0.104,3.213,3.317
0.1,3.636,3.735
0.107,3.568,3.676
0.102,3.165,3.267
0.099,3.183,3.283
0.1,3.189,3.289
0.102,3.019,3.121
0.099,3.415,3.514
0.101,3.408,3.51
0.101,3.216,3.317
0.101,3.792,3.893
0.1,3.564,3.665
0.1,3.893,3.993
0.107,3.671,3.779
0.109,3.048,3.157
0.099,2.931,3.03
0.099,3.943,4.043
0.104,3.778,3.882
0.108,2.98,3.087
0.101,3.383,3.484
0.104,2.97,3.073
0.099,2.952,3.051
0.101,3.976,4.077
0.101,2.78,2.881
0.097,3.985,4.082
0.099,3.174,3.274
0.103,3.379,3.482
0.099,3.595,3.694
0.097,3.368,3.465
0.098,3.941,4.04
0.103,3.153,3.256
0.1,3.537,3.637
0.099,3.35,3.449
0.11,3.346,3.456
0.1,3.123,3.222
0.103,2.765,2.868
0.1,3.157,3.257
0.1,3.166,3.266
0.098,3.742,3.84
0.1,2.738,2.838
0.098,3.548,3.647
0.098,2.788,2.886
0.101,3.147,3.248
0.098,3.936,4.034
0.098,3.358,3.456
0.099,2.78,2.879
0.099,3.583,3.682
0.1,3.352,3.451
0.099,3.42,3.519
0.101,3.626,3.727
0.099,3.427,3.526
0.101,3.185,3.286
0.101,3.184,3.285
0.101,3.631,3.732
0.102,3.05,3.153
0.099,2.842,2.941
0.099,3.373,3.472
0.099,4.07,4.169
0.101,3.04,3.141
0.1,3.143,3.243
0.099,3.588,3.687
0.099,3.958,4.057
0.1,2.964,3.063
0.106,3.937,4.043
0.099,3.361,3.46
0.1,2.965,3.065
0.1,3.174,3.274
0.099,3.765,3.864
0.11,2.993,3.103
0.101,3.55,3.65
0.076,2.552,2.628
0.081,2.453,2.534
0.168,2.445,2.613
0.079,2.417,2.496
0.079,2.45,2.529
0.078,2.427,2.506
0.16,2.443,2.603
0.081,2.492,2.573
0.08,2.453,2.533
0.081,2.471,2.552
0.248,2.453,2.701
0.165,2.425,2.589
0.154,2.364,2.517
0.079,2.358,2.438
0.16,2.392,2.552
0.252,2.39,2.642
0.08,2.37,2.45
0.154,2.77,2.924
0.086,2.616,2.702
0.174,2.55,2.724
0.088,2.475,2.563
0.245,2.436,2.681
0.088,2.488,2.576
0.085,2.547,2.632
0.086,2.511,2.597
0.084,2.465,2.548
0.088,2.519,2.607
0.088,2.484,2.572
0.084,2.48,2.564
0.179,2.518,2.697
0.089,2.468,2.556
0.167,2.51,2.677
0.089,2.537,2.626
0.084,2.54,2.624
0.256,2.498,2.754
0.168,2.519,2.686
0.09,2.521,2.611
0.083,2.494,2.577
0.083,2.46,2.543
0.084,2.526,2.61
0.169,2.529,2.698
0.088,2.496,2.584
0.083,2.491,2.574
0.253,2.499,2.752
0.258,2.505,2.763
0.508,2.536,3.044
0.748,2.541,3.289
0.077,2.467,2.544
0.743,2.493,3.236
0.166,2.48,2.646
0.078,2.455,2.533
1.003,2.522,3.524
0.08,2.418,2.498
0.418,2.461,2.879
0.745,2.468,3.213
0.503,2.424,2.927
2.464,2.477,4.941
0.167,2.46,2.627
0.079,2.445,2.523
0.424,2.461,2.885
1.309,2.51,3.819
0.604,2.495,3.099
0.425,2.472,2.896
0.256,2.465,2.721
0.771,2.477,3.249
1.034,2.478,3.513
1.373,2.468,3.842
0.348,2.516,2.864
0.442,2.498,2.939
0.356,2.511,2.867
0.087,2.467,2.555
0.857,2.449,3.306
0.089,2.364,2.453
0.095,2.401,2.495
0.087,2.419,2.506
0.262,2.405,2.667
0.088,2.463,2.551
0.261,2.451,2.712
0.34,2.462,2.803
0.088,2.433,2.521
0.175,2.414,2.588
0.169,2.468,2.637
0.443,2.429,2.872
0.431,2.405,2.836
0.088,2.447,2.535
0.175,2.386,2.561
0.175,2.419,2.594
0.436,2.392,2.828
0.779,2.438,3.217
0.267,2.401,2.668
0.088,2.402,2.49
0.091,2.398,2.489
0.175,3.198,3.372
0.118,3.435,3.553
0.192,2.762,2.953
0.271,2.478,2.749
0.089,2.501,2.59
0.091,2.467,2.559
0.087,2.405,2.492
0.545,2.385,2.93
0.256,2.392,2.648
0.18,2.374,2.554
0.089,2.419,2.508
0.177,2.387,2.564
0.093,2.404,2.497
0.262,2.428,2.69
0.268,2.428,2.695
0.089,2.445,2.533
0.175,2.411,2.586
0.261,2.403,2.664
0.088,2.419,2.506
0.27,2.439,2.708
0.173,2.452,2.626
0.09,2.426,2.515
0.089,2.415,2.503
0.089,2.421,2.51
0.096,2.446,2.543
0.09,2.442,2.531
0.262,2.424,2.686
0.093,2.399,2.492
0.173,2.411,2.584
0.09,2.422,2.511
0.269,2.476,2.745
0.087,2.425,2.512
0.345,2.353,2.698
0.261,2.4,2.661
0.089,2.371,2.46
0.096,2.402,2.498
0.097,2.422,2.519
0.09,2.384,2.473
0.263,2.363,2.626
0.093,2.431,2.523
0.611,2.404,3.015
0.093,2.401,2.494
0.281,2.413,2.694
0.09,2.414,2.503
0.187,2.391,2.578
0.094,2.39,2.485
0.359,2.411,2.77
0.082,2.376,2.458
0.175,2.416,2.591
0.175,2.388,2.563
0.266,2.411,2.677
0.267,2.377,2.644
0.366,2.423,2.789
0.431,2.39,2.821
0.096,2.364,2.459
0.362,2.368,2.729
0.529,2.413,2.942
0.091,2.383,2.475
0.091,2.385,2.476
0.348,2.378,2.726
0.264,2.377,2.641
0.089,2.35,2.439
0.083,2.367,2.45
0.089,2.369,2.458
0.536,2.383,2.919
0.348,2.404,2.753
0.089,2.396,2.485
0.351,2.358,2.709
0.178,2.353,2.531
0.267,2.357,2.623
0.094,2.384,2.478
0.085,2.387,2.472
0.089,2.331,2.42
0.355,2.374,2.729
0.445,2.391,2.836
0.267,2.408,2.675
0.095,2.393,2.489
0.184,2.402,2.586
0.879,2.369,3.248
0.446,2.412,2.858
0.083,2.359,2.443
0.091,2.384,2.475
0.256,2.363,2.618
0.259,2.385,2.644
0.085,2.367,2.451
0.083,2.352,2.435
0.082,2.417,2.5
0.083,2.388,2.471
0.085,2.378,2.464
0.172,2.343,2.514
0.25,2.446,2.696
0.171,2.414,2.586
0.088,2.446,2.533
0.092,2.488,2.58
0.093,2.439,2.532
0.088,2.445,2.533
0.088,2.426,2.514
0.088,2.453,2.541
0.088,2.466,2.553
0.086,2.444,2.531
0.092,2.433,2.525
0.086,2.422,2.509
0.088,2.481,2.569
0.088,2.441,2.529
0.093,2.435,2.528
0.087,2.474,2.562
0.088,2.434,2.521
0.174,2.416,2.59
0.076,2.54,2.617
0.144,2.531,2.675
0.081,2.495,2.576
0.077,2.54,2.617
0.217,2.519,2.736
0.079,2.548,2.628
0.081,2.558,2.64
0.142,2.53,2.673
0.213,2.527,2.74
0.078,2.493,2.571
0.08,2.546,2.626
0.147,2.546,2.693
0.08,2.503,2.583
0.078,2.524,2.602
0.214,2.546,2.76
0.211,2.553,2.764
0.079,2.511,2.59
0.29,2.546,2.837
0.082,2.49,2.572
0.155,2.518,2.672
0.226,2.505,2.731
0.282,2.509,2.791
0.159,2.549,2.709
0.085,2.527,2.611
0.082,2.509,2.591
0.156,2.565,2.72
0.08,2.543,2.623
0.081,2.545,2.626
0.218,2.569,2.787
0.083,2.574,2.657
0.232,2.536,2.769
0.246,2.597,2.843
0.087,2.612,2.699
0.161,2.534,2.695
0.081,2.571,2.652
0.08,2.573,2.653
0.23,2.503,2.733
0.157,2.575,2.732
0.15,2.591,2.741
0.162,2.54,2.702
0.082,2.54,2.622
0.089,2.543,2.632
0.164,2.539,2.704
0.153,2.586,2.739
0.157,2.61,2.767
0.365,2.636,3.002
0.231,2.546,2.778
0.089,2.575,2.665
0.088,2.509,2.596
0.084,2.515,2.6
0.086,2.528,2.614
0.219,2.559,2.778
0.09,2.532,2.622
0.155,2.521,2.677
0.157,2.571,2.728
0.081,2.535,2.616
0.151,2.505,2.656
0.165,2.564,2.729
0.083,2.871,2.954
0.157,2.543,2.699
0.088,2.52,2.608
0.153,2.565,2.718
0.079,2.496,2.575
0.162,2.538,2.699
0.083,2.771,2.854
0.157,2.527,2.684
0.228,2.65,2.878
0.161,2.643,2.804
0.084,2.551,2.636
0.086,2.667,2.753
0.081,2.532,2.612
0.082,2.54,2.623
0.083,2.522,2.605
0.088,2.601,2.69
0.085,2.562,2.647
0.239,2.532,2.771
0.083,2.54,2.623
0.086,2.562,2.648
0.164,2.554,2.718
0.154,2.564,2.718
0.083,2.596,2.679
0.089,2.593,2.682
0.088,2.572,2.66
0.162,2.527,2.689
0.083,2.517,2.6
0.155,2.507,2.662
0.082,2.532,2.614
0.082,2.577,2.659
0.371,2.516,2.887
0.083,2.518,2.601
0.167,2.563,2.729
0.084,2.567,2.651
0.086,2.573,2.659
0.084,2.568,2.651
0.086,2.526,2.612
0.086,2.518,2.605
0.155,2.592,2.748
0.088,2.56,2.648
0.241,2.583,2.824
0.159,2.583,2.742
0.085,2.682,2.767
0.094,2.655,2.749
0.083,2.575,2.658
0.093,2.584,2.677
0.611,2.588,3.199
0.087,2.569,2.656
0.303,2.589,2.892
0.301,2.513,2.814
0.156,2.547,2.702
0.39,2.588,2.978
0.084,2.598,2.682
0.458,2.639,3.097
0.083,2.63,2.713
0.089,2.617,2.706
0.159,2.592,2.751
0.16,2.603,2.763
0.082,2.549,2.631
0.325,2.543,2.868
0.083,2.58,2.663
0.086,2.572,2.658
0.237,2.567,2.804
0.233,2.616,2.849
0.326,2.628,2.954
0.087,2.576,2.663
0.084,2.57,2.654
0.16,2.588,2.748
0.089,2.641,2.729
0.238,2.601,2.839
0.173,2.669,2.842
0.082,2.614,2.696
0.16,2.588,2.748
0.233,2.588,2.821
0.087,2.624,2.711
0.166,2.617,2.783
0.096,2.633,2.729
0.094,2.576,2.67
0.086,2.572,2.657
0.093,2.605,2.698
0.161,2.603,2.764
0.167,2.574,2.741
0.083,2.58,2.663
0.084,2.571,2.654
0.378,2.605,2.983
0.158,2.601,2.759
0.232,2.561,2.792
0.236,2.609,2.845
0.091,2.625,2.716
0.093,2.623,2.716
0.31,2.588,2.898
0.169,2.564,2.733
0.158,2.572,2.729
0.163,2.534,2.696
0.156,2.502,2.658
0.164,2.585,2.749
0.096,2.645,2.741
0.087,2.601,2.688
0.093,2.572,2.665
0.161,2.53,2.691
0.234,2.565,2.799
0.234,2.548,2.782
0.095,2.601,2.696
0.164,2.517,2.681
0.082,2.595,2.678
0.093,2.577,2.67
0.085,2.789,2.875
0.085,2.499,2.584
0.092,2.564,2.657
0.086,2.561,2.647
0.169,2.613,2.782
0.084,2.64,2.723
0.092,2.602,2.694
0.165,2.587,2.752
0.091,2.555,2.646
0.092,2.57,2.663
0.174,2.583,2.756
0.087,2.567,2.654
0.096,2.585,2.681
0.087,2.518,2.606
0.087,2.561,2.648
0.092,2.574,2.666
0.092,2.586,2.677
0.09,2.542,2.632
0.163,2.538,2.701
0.237,2.548,2.785
0.088,2.536,2.624
0.089,2.584,2.673
0.087,2.52,2.607
0.087,2.557,2.644
0.093,2.567,2.66
0.092,2.577,2.669
0.086,2.558,2.643
0.178,2.555,2.733
0.087,2.6,2.687
0.088,2.578,2.667
0.161,2.506,2.667
0.088,2.565,2.653
0.085,2.627,2.712
0.17,2.617,2.786
0.167,2.586,2.753
0.085,2.561,2.646
0.134,2.73,2.864
0.087952852249146,2.56882882118225,
0.089892148971558,2.51197123527527,
0.087411403656006,2.51443314552307,
0.086355924606323,2.49542498588562,
0.092096328735352,2.49757218360901,
0.096122980117798,2.50275135040283,
0.089368104934692,2.51484680175781,
0.089718341827393,2.49544191360474,
0.092092275619507,2.49650526046753,
0.095366716384888,2.55977439880371,
0.092708349227905,2.52448511123657,
0.096565246582031,2.56362676620483,
0.090667247772217,2.55726170539856,
0.090710878372192,2.51719737052917,
0.09349799156189,2.5718514919281,
0.091606855392456,2.55243730545044,
0.098062038421631,2.54504489898682,
0.09125566482544,2.53376650810242,
0.098091125488281,2.58593392372131,
0.091154336929321,2.55500316619873,
0.094751358032227,2.52442622184753,
0.090925693511963,2.53218841552734,
0.092496871948242,2.52625441551208,
0.091302394866943,2.54015803337097,
0.096755266189575,2.50758385658264,
0.092970848083496,2.54496908187866,
0.0921790599823,2.51746940612793,
0.091384887695313,2.53447270393372,
0.092156171798706,2.52065777778625,
0.091016292572022,2.53022789955139,
0.092078685760498,2.52640461921692,
0.091316938400269,2.52859807014465,
0.090728044509888,2.50961565971375,
0.099462509155274,2.5343165397644,
0.097872972488403,2.53489685058594,
0.092178344726563,2.48903107643127,
0.092328548431397,2.49008417129517,
0.09182596206665,2.4948251247406,
0.098841190338135,2.5400128364563,
0.092228651046753,2.49215221405029,
0.091490030288696,2.49163699150085,
0.098498582839966,2.54543972015381,
0.089505434036255,2.52422666549683,
0.0925133228302,2.51386189460754,
0.093575477600098,2.54012250900269,
0.089975357055664,2.49764060974121,
0.098231792449951,2.50930452346802,
0.098619222640991,2.54678797721863,
0.094344854354858,2.55361008644104,
0.091471433639526,2.55571103096008,
0.094534635543823,2.52300715446472,
0.092532396316528,2.50630831718445,
0.094167470932007,2.52207064628601,
0.091627359390259,2.51120162010193,
0.099476099014282,2.56328368186951,
0.092408657073975,2.52035975456238,
0.092638731002808,2.51539444923401,
0.093684434890747,2.68693876266479,
0.090485334396362,2.53106498718262,
0.091206550598145,2.56171274185181,
0.098336935043335,2.55553460121155,
0.089600324630737,2.54225850105286,
0.093990564346314,2.53641295433044,
0.092914581298828,2.53190946578979,
0.099499702453613,2.55722212791443,
0.094326496124268,2.52635908126831,
0.098366260528565,2.5347466468811,
0.09979772567749,2.56435942649841,
0.092857122421265,2.52001428604126,
0.099741458892822,2.56989765167236,
0.095399379730225,2.52482461929321,
0.091409683227539,2.50209498405457,
0.093123912811279,2.54370379447937,
0.092020988464356,2.50982904434204,
0.0977783203125,2.49508094787598,
0.097845792770386,2.50494527816772,
0.097309112548828,2.51432728767395,
0.094157934188843,2.49149966239929,
0.092185497283936,2.48551511764526,
0.096926927566528,2.53733515739441,
0.091886281967163,2.5235378742218,
0.09345555305481,2.52971172332764,
0.092162132263184,2.52824139595032,
0.098687410354614,2.5722815990448,
0.093640089035034,2.52325797080994,
0.093242883682251,2.52214574813843,
0.092457056045532,2.5439019203186,
0.097332715988159,2.57027173042297,
0.092012882232666,2.54296565055847,
0.098564386367798,2.52298641204834,
0.097413539886475,2.56024789810181,
0.09078574180603,2.51929497718811,
0.097866058349609,2.55464267730713,
0.092630863189697,2.53868699073791,
0.095607995986939,2.56200742721558,
0.093871355056763,2.53290891647339,
0.094236373901367,2.54334855079651,
0.098062038421631,2.61040043830872,
0.097727775573731,2.5970401763916,
0.092037200927734,2.57953572273254,
0.096308708190918,2.61232447624207,
0.105002164840698,2.79741787910461,
0.098060607910156,2.68657398223877,
0.105117559432983,2.68054246902466,
0.096909046173096,2.57419919967651,
0.096439599990845,2.46119356155395,
0.089215517044067,2.46659588813782,
0.09624719619751,2.48163938522339,
0.090814113616943,2.53070688247681,
0.090285539627075,2.50255560874939,
0.090180635452271,2.50935530662537,
0.096158981323242,2.51425647735596,
0.089862823486328,2.49694895744324,
0.089993476867676,2.49655938148499,
0.089139699935913,2.4759693145752,
0.095386743545532,2.48971509933472,
0.096060276031494,2.50233030319214,
0.098324775695801,2.52280831336975,
0.096002817153931,2.50352334976196,
0.090901374816895,2.51522135734558,
0.090134143829346,2.49923825263977,
0.091268062591553,2.51147747039795,
0.090994596481323,2.51441740989685,
0.091697692871094,2.66956758499145,
0.094892024993897,2.61124873161316,
0.098160266876221,2.50204396247864,
0.090235948562622,2.50780367851257,
0.090527772903442,2.50111556053162,
0.09031081199646,2.49380564689636,
0.091152906417847,2.46890044212341,
0.096128225326538,2.52858757972717,
0.090197086334229,2.54725193977356,
0.091108322143555,2.51883053779602,
0.090530633926392,2.49955439567566,
0.098140716552734,2.5217137336731,
0.090485572814941,2.49602270126343,
0.096812963485718,2.50346612930298,
0.096571445465088,2.49244403839111,
0.097567558288574,2.56945776939392,
0.097125291824341,2.58618783950806,
0.090954542160034,2.472576379776,
0.095909118652344,2.48805809020996,
0.089883089065552,2.46371603012085,
0.09818434715271,2.47135758399963,
0.098248481750488,2.49844646453857,
0.091356039047241,2.51111960411072,
0.092026233673096,2.50517082214355,
0.09090256690979,2.49571537971497,
0.092051029205322,2.49348163604736,
0.09094500541687,2.50467562675476,
0.090326070785523,2.48826932907104,
0.096433162689209,2.55825281143188,
0.092570543289185,2.52328038215637,
0.089820623397827,2.54175400733948,
0.091746091842651,2.51531457901001,
0.092417001724243,2.49893403053284,
0.090909004211426,2.50006198883057,
0.091819763183594,2.48261666297913,
0.090020895004273,2.5126748085022,
0.09935998916626,2.55086255073547,
0.091912984848023,2.48530650138855,
0.090298175811768,2.49039912223816,
0.09384036064148,2.4908459186554,
0.096105813980103,2.52280616760254,
0.092560291290283,2.53428769111633,
0.091097116470337,2.49966382980347,
0.091180801391602,2.55054235458374,
0.094796895980835,2.49691581726074,
0.093370914459229,2.49639868736267,
0.093441486358643,2.48261833190918,
0.097893714904785,2.51939964294434,
0.095598697662354,2.47581052780151,
0.091887950897217,2.47857904434204,
0.094066858291626,2.54776835441589,
0.094186782836914,2.54269456863403,
0.09198784828186,2.48790001869202,
0.091936826705933,2.49496531486511,
0.090945482254028,2.46838760375977,
0.090773820877075,2.48810791969299,
0.092284917831421,2.48869800567627,
0.091271162033081,2.49307608604431,
0.092186450958252,2.5134105682373,
0.098669290542603,2.50254130363464,
0.092652320861816,2.51155114173889,
0.091833829879761,2.51151609420776,
0.189162969589233,2.62465906143188,
0.0955491065979,2.52558398246765,
0.094300746917725,2.52050399780273,
0.09333086013794,2.52112936973572,
0.095136880874634,2.54648804664612,
0.099950551986694,2.59371447563171,
0.093837976455689,2.56222701072693,
0.094576597213745,2.53671550750732,
0.094247817993164,2.53060865402222,
0.093901872634888,2.51983618736267,
0.093612909317017,2.50130891799927,
0.099568367004395,2.51512789726257,
0.095116376876831,2.52744483947754,
0.093493700027466,2.54382705688477,
0.095667839050293,2.50321960449219,
0.09454870223999,2.51021027565002,
0.094403743743897,2.5404806137085,
0.094605684280396,2.54219770431519,
0.09333610534668,2.56343221664429,
0.093868970870972,2.55105638504028,
0.093792200088501,2.52720022201538,
0.093707323074341,2.51574087142944,
0.099541902542114,2.57218289375305,
0.094123363494873,2.5705554485321,
0.094846963882446,2.55686497688293,
0.095343828201294,2.54353761672974,
0.100285053253174,2.56986284255981,
0.0989670753479,2.56679844856262,
0.099668025970459,2.57031345367432,
0.095134019851685,2.51666378974915,
0.095094442367554,2.52419137954712,
0.094361543655396,2.53322577476501,
0.100009918212891,2.58404517173767,
0.093296051025391,2.506192445755,
0.092947006225586,2.5301673412323,
0.093478679656983,2.52519941329956,
0.094377756118774,2.53464126586914,
0.094189405441284,2.52125716209412,
0.093662738800049,2.52128386497498,
0.094685792922974,2.53316116333008,
0.094928979873657,2.51560950279236,
0.099634647369385,2.52128100395203,
0.092317342758179,2.53159856796265,
0.093984842300415,2.51566362380981,
0.094660520553589,2.53481101989746,
0.094919204711914,2.55747675895691,
0.098376035690308,2.51712393760681,
0.098796606063843,2.51591205596924,
0.097124814987183,2.54036974906921,
0.098734855651856,2.52789950370789,
0.092175960540772,2.56850361824036,
0.094026565551758,2.60744142532349,
0.09461236000061,2.56700706481934,
0.091819286346436,2.54789614677429,
0.092943429946899,2.55611062049866,
0.094322919845581,2.53224229812622,
0.093412637710571,2.52492785453796,
0.099358797073364,2.50628137588501,
0.09418249130249,2.54712152481079,
0.09414267539978,2.51443386077881,
0.094532251358032,2.50093007087708,
0.093767404556274,2.54037380218506,
0.094846487045288,2.51592469215393,
0.094302177429199,2.53068494796753,
0.102731227874756,2.57208395004272,
0.093479633331299,2.53504157066345,
0.095961809158325,2.58750057220459,
0.094941854476929,2.55938053131104,
0.09847617149353,2.57178497314453,
0.096964120864868,2.54177093505859,
0.101683855056763,2.50633502006531,
0.101016283035278,2.54758191108704,
0.091934680938721,2.53224945068359,
0.093011379241943,2.54228353500366,
0.094449758529663,2.51870846748352,
0.100514888763428,2.51005363464355,
0.093646049499512,2.54834413528442,
0.093602180480957,2.52817225456238,
0.093574523925781,2.52711319923401,
0.096778631210327,2.54660058021545,
0.098018884658814,2.53784537315369,
0.094145059585571,2.52433228492737,
0.094279050827026,2.52645063400269,
0.09933614730835,2.53941202163696,
0.093923807144165,2.52984929084778,
0.093868970870972,2.5113513469696,
0.094294548034668,2.53686904907227,
0.096030473709107,2.50718307495117,
0.093952417373657,2.51534295082092,
0.100775480270386,2.51296710968018,
0.10118579864502,2.55462503433228,
0.09475040435791,2.50129342079163,
0.094598531723023,2.53850960731506,
0.093707084655762,2.53027176856995,
0.094846725463867,2.59398174285889,
0.093197345733643,2.53424119949341,
0.094120740890503,2.52319717407227,
0.098641872406006,2.49697661399841,
0.09960675239563,2.54553723335266,
0.096476554870606,2.5398998260498,
0.101371288299561,2.53070783615112,
0.096988916397095,2.51714086532593,
0.095019578933716,2.52487540245056,
0.100626945495605,2.51021289825439,
0.098259210586548,2.53834652900696,
0.094591856002808,2.5323212146759,
0.095826625823975,2.53480315208435,
0.093276977539063,2.4987633228302,
0.094114780426025,2.53427028656006,
0.092640638351441,2.53325915336609,
0.100122928619385,2.53745532035828,
0.097983121871948,2.51985716819763,
0.094616651535034,2.52290606498718,
0.094099283218384,2.51504421234131,
0.09450101852417,2.50250601768494,
0.097481727600098,2.53811311721802,
0.100191831588745,2.61291456222534,
0.101885557174683,2.73555994033813,
0.112487077713013,2.76570272445679,
0.102567672729492,2.71720862388611,
0.101462602615356,2.57123112678528,
0.092983722686768,2.45554232597351,
0.094598293304443,2.46364879608154,
0.093649864196777,2.50753998756409,
0.093582391738892,2.51686668395996,
0.091756582260132,2.50268220901489,
0.092562437057495,2.48755383491516,
0.095598697662354,2.48788356781006,
0.100197792053223,2.51396703720093,
0.095398187637329,2.48409199714661,
0.092703819274902,2.4699821472168,
0.093339681625366,2.52750897407532,
0.092806100845337,2.48046183586121,
0.093316793441773,2.50000834465027,
0.098938941955566,2.48955273628235,
0.094181060791016,2.46909642219543,
0.093074560165405,2.52761244773865,
0.093462705612183,2.5100827217102,
0.093090295791626,2.51495933532715,
0.10115909576416,2.48814177513123,
0.092806816101074,2.53617191314697,
0.095438241958618,2.49668765068054,
0.098483800888062,2.50447225570679,
0.101040363311768,2.54276418685913,
0.093610525131226,2.53691124916077,
0.099732637405396,2.49287819862366,
0.092922449111939,2.51038885116577,
0.094030141830444,2.49024128913879,
0.103025197982788,2.51612186431885,
0.09551477432251,2.49815583229065,
0.096143245697022,2.50282573699951,
0.096108675003052,2.5021538734436,
0.099704742431641,2.49340319633484,
0.094661474227905,2.514324426651,
0.093924522399902,2.52023220062256,
0.092567205429077,2.51291799545288,
0.096417427062988,2.50206398963928,
0.095107555389404,2.53503584861755,
0.09514594078064,2.53714323043823,
0.093542337417603,2.49858999252319,
0.093284368515015,2.50769138336182,
0.099959373474121,2.47074413299561,
0.101565361022949,2.54073929786682,
0.095383882522583,2.49982714653015,
0.093415260314941,2.51818537712097,
0.093302011489868,2.48882532119751,
0.093667984008789,2.48895001411438,
0.092740058898926,2.51505517959595,
0.094423294067383,2.50474452972412,
0.094449996948242,2.50626420974731,
0.098832607269287,2.49417543411255,
0.093993186950684,2.53234958648682,
0.099038124084473,2.51809167861938,
0.092390775680542,2.48723816871643,
0.094342708587647,2.51951694488525,
0.093500137329102,2.50967288017273,
0.093314409255982,2.47692227363586,
0.094166517257691,2.44326829910278,
0.094482660293579,2.47518634796143,
0.095312833786011,2.45148634910583,
0.093887090682983,2.50282311439514,
0.094509124755859,2.45328664779663,
0.094739675521851,2.4908013343811,
0.099091053009033,2.53938341140747,
0.093949794769287,2.51299381256104,
0.094515562057495,2.51969408988953,
0.095381736755371,2.47570896148682,
0.09343147277832,2.51171875,
0.09408974647522,2.4814281463623,
0.100598812103271,2.53039884567261,
0.095382928848267,2.49462938308716,
0.093899488449097,2.49427199363708,
0.096148252487183,2.49328899383545,
0.093667268753052,2.50267624855041,
0.094435453414917,2.51609301567078,
0.092768430709839,2.48872184753418,
0.09908390045166,2.50393509864807,
0.094726324081421,2.53362154960632,
0.093175888061524,2.54817366600037,
0.09322714805603,2.50645303726196,
0.096088647842407,2.497713804245,
0.104890584945679,2.55361676216125,
0.094177007675171,2.49838805198669,
0.097374439239502,2.46488118171692,
0.095316410064697,2.64230108261108,
0.098949432373047,2.52613949775696,
0.10202431678772,2.52639222145081,
0.095206260681152,2.50016045570374,
0.100085973739624,2.50431132316589,
0.096065521240234,2.54511857032776,
0.101357698440552,2.50726652145386,
0.095358371734619,2.52633452415466,
0.096269845962524,2.52091598510742,
0.095375061035156,2.52179598808289,
0.097402095794678,2.52368664741516,
0.094809055328369,2.52925133705139,
0.093942642211914,2.50617814064026,
0.097415924072266,2.54580497741699,
0.102111577987671,2.55213403701782,
0.097453117370606,2.56435894966125,
0.100270986557007,2.53070783615112,
0.101093530654907,2.52837181091309,
0.098774909973145,2.50360560417175,
0.096114873886108,2.49571347236633,
0.099055528640747,2.50943779945374,
0.094848871231079,2.50191497802734,
0.102412700653076,2.55487394332886,
0.094300985336304,2.51775717735291,
0.095100164413452,2.53022313117981,
0.095106363296509,2.48475956916809,
0.100846529006958,2.53478717803955,
0.095988273620606,2.51491689682007,
0.097912549972534,2.55279564857483,
0.095264196395874,2.51138806343079,
0.095654487609863,2.51123738288879,
0.095330953598023,2.52839303016663,
0.102368831634521,2.54101133346558,
0.09569525718689,2.54410362243652,
0.09650182723999,2.50498867034912,
0.097775220870972,2.51560282707214,
0.103571653366089,2.53290176391602,
0.09599781036377,2.47199296951294,
0.096898555755615,2.48444199562073,
0.094862937927246,2.51385235786438,
0.097047328948975,2.55054974555969,
0.094759464263916,2.5521297454834,
0.095609426498413,2.52682971954346,
0.097974538803101,2.50094175338745,
0.097602367401123,2.50531435012817,
0.094751358032227,2.49798989295959,
0.101309299468994,2.53473019599915,
0.096227645874024,2.57904696464539,
0.095013380050659,2.55975651741028,
0.102179288864136,2.55064630508423,
0.096725702285767,2.56817221641541,
0.101862192153931,2.51887202262878,
0.093729972839356,2.49385356903076,
0.094850778579712,2.51303887367249,
0.094810009002686,2.5091814994812,
0.100067615509033,2.54152178764343,
0.101351022720337,2.52496862411499,
0.103532552719116,2.49835801124573,
0.094652414321899,2.51343250274658,
0.094432592391968,2.51811766624451,
0.096269130706787,2.50002098083496,
0.095798492431641,2.49561476707458,
0.100133895874023,2.54195404052734,
0.094959020614624,2.52484798431396,
0.095426082611084,2.5154082775116,
0.096446752548218,2.52811455726624,
0.095197200775147,2.53350067138672,
0.103538036346436,2.50331115722656,
0.102162837982178,2.50223660469055,
0.095383405685425,2.55344843864441,
0.10093879699707,2.51208996772766,
0.096479415893555,2.54790806770325,
0.100899696350098,2.52640914916992,
0.095083713531494,2.5328950881958,
0.094994068145752,2.47723364830017,
0.10242223739624,2.48965811729431,
0.095443725585938,2.48319363594055,
0.094215154647827,2.52872252464294,
0.095107793807983,2.53783082962036,
0.095762968063355,2.53575396537781,
0.095156669616699,2.5153169631958,
0.096376895904541,2.54301691055298,
0.096042394638062,2.55501437187195,
0.098258972167969,2.51967263221741,
0.094707250595093,2.57181930541992,
0.095102310180664,2.50603675842285,
0.096436977386475,2.53274154663086,
0.096856832504273,2.53636574745178,
0.095998525619507,2.54729104042053,
0.094809770584107,2.49047636985779,
0.097104787826538,2.53289127349854,
0.094829082489014,2.54783535003662,
0.095598936080933,2.52178978919983,
0.104796886444092,2.53916072845459,
0.101552486419678,2.5089852809906,
0.09645414352417,2.53401947021484,
0.096679449081421,2.5560564994812,
0.104599952697754,2.55576086044312,
0.094834327697754,2.541184425354,
0.095648050308228,2.5231819152832,
0.096305131912232,2.52636909484863,
0.096247673034668,2.54932117462158,
0.095857381820679,2.55629682540894,
0.101702213287354,2.52390480041504,
0.096127271652222,2.50802636146545,
0.095255851745606,2.52708864212036,
0.097932815551758,2.55614161491394,
0.094095945358276,2.50489044189453,
0.095636367797852,2.51394629478455,
0.103251218795776,2.78663873672485,
0.095350980758667,2.52852821350098,
0.097030639648438,2.52592349052429,
0.103244066238403,2.580491065979,
0.096925973892212,2.50836157798767,
0.099645137786865,2.55976819992065,
0.098726749420166,2.58175349235535,
0.099097013473511,2.56922793388367,
0.099479913711548,2.5651216506958,
0.100160598754883,2.57267618179321,
0.10430383682251,2.62735199928284,
0.103325843811035,2.61206126213074,
0.10899829864502,2.56710433959961,
0.107174873352051,2.62701010704041,
0.097990036010742,2.56509304046631,
0.097445487976074,2.57525444030762,
0.096981763839722,2.60466933250427,
0.106735944747925,2.59364032745361,
0.099842071533203,2.55241894721985,
0.102523803710938,2.57205748558044,
0.097819328308106,2.56142377853394,
0.100963115692139,2.57765078544617,
0.105278730392456,2.55589509010315,
0.097407817840576,2.55980396270752,
0.098376989364624,2.56249833106995,
0.097702026367188,2.58183026313782,
0.10691499710083,2.56208038330078,
0.105536699295044,2.56985569000244,
0.098545551300049,2.55754494667053,
0.098779916763306,2.56914901733398,
0.103814601898193,2.54652404785156,
0.106074094772339,2.58582997322083,
0.104219913482666,2.55881285667419,
0.098711252212524,2.53998327255249,
0.101245641708374,2.57316589355469,
0.105960369110107,2.6176450252533,
0.107375621795654,2.63806533813477,
0.097834825515747,2.59522128105164,
0.098781585693359,2.55434584617615,
0.103172540664673,2.56408905982971,
0.098801851272583,2.5768551826477,
0.09914231300354,2.55641603469849,
0.10658597946167,2.58116436004639,
0.09854793548584,2.58273315429687,
0.097063064575195,2.57088875770569,
0.098605632781983,2.58273339271545,
0.099464178085327,2.60792899131775,
0.097554683685303,2.55795645713806,
0.099276065826416,2.5560884475708,
0.097639799118042,2.58299946784973,
0.099180936813355,2.55364274978638,
0.099186897277832,2.57127737998962,
0.099056959152222,2.54351568222046,
0.09571385383606,2.54224848747253,
0.098416805267334,2.52359962463379,
0.100195169448853,2.53590369224548,
0.100563764572144,2.54345202445984,
0.099616050720215,2.54134726524353,
0.098130702972412,2.5403311252594,
0.097482204437256,2.53144335746765,
0.09781813621521,2.55492734909058,
0.09740161895752,2.53763175010681,
0.096190929412842,2.52802157402039,
0.100327253341675,2.53975510597229,
0.101889133453369,2.54244875907898,
0.103058338165283,2.5947277545929,
0.099007606506348,2.54718112945557,
0.097496032714844,2.52407002449036,
0.104249238967896,2.52568602561951,
0.104177474975586,2.57082557678223,
0.098758697509766,2.55766272544861,
0.098926544189453,2.53391313552856,
0.096694231033325,2.55728101730347,
0.098433017730713,2.55840015411377,
0.09828782081604,2.57189297676086,
0.098366022109985,2.58729434013367,
0.100930452346802,2.61205744743347,
0.099843502044678,2.56508851051331,
0.09717059135437,2.54004454612732,
0.098923206329346,2.52683472633362,
0.094868898391724,2.53690767288208,
0.098309516906738,2.56924724578857,
0.098689079284668,2.54093027114868,
0.098315715789795,2.5282986164093,
0.097143411636353,2.55046701431274,
0.106699705123901,2.58921957015991,
0.098371028900147,2.54152297973633,
0.097150325775147,2.54068636894226,
0.10596752166748,2.51340365409851,
0.098009586334229,2.56351494789124,
0.101963996887207,2.532062292099,
0.099116086959839,2.56312203407288,
0.09878134727478,2.56365656852722,
0.10545539855957,2.58250975608826,
0.099216222763062,2.60865998268127,
0.097790479660034,2.54285144805908,
0.100037097930908,2.58046221733093,
0.098570346832275,2.58735799789429,
0.096282482147217,2.55428075790405,
0.097888946533203,2.53268265724182,
0.103830814361572,2.59328746795654,
0.098310708999634,2.57058310508728,
0.098490476608276,2.56788277626038,
0.100895404815674,2.58253526687622,
0.099013805389404,2.59526515007019,
0.098432064056397,2.56757831573486,
0.105387926101685,2.58681297302246,
0.102081775665283,2.55285477638245,
0.098100662231445,2.56767010688782,
0.10482931137085,2.57638692855835,
0.101274490356445,2.57682108879089,
0.099263668060303,2.54981565475464,
0.099546194076538,2.58969783782959,
0.098968744277954,2.56775188446045,
0.098752021789551,2.55999255180359,
0.097316026687622,2.5937488079071,
0.098827600479126,2.56891894340515,
0.098267078399658,2.56053113937378,
0.099320411682129,2.5855917930603,
0.103528261184692,2.54442596435547,
0.103976249694824,2.52081298828125,
0.103891372680664,2.5517086982727,
0.099085330963135,2.63618469238281,
0.100315093994141,2.51953768730164,
0.105112075805664,2.57790207862854,
0.097105264663696,2.54218363761902,
0.099159479141235,2.56914973258972,
0.10004734992981,2.54287004470825,
0.100134611129761,2.55281567573547,
0.104430913925171,2.57928800582886,
0.098262786865234,2.56748914718628,
0.105844020843506,2.59241724014282,
0.100162506103516,2.55922293663025,
0.099599599838257,2.54708337783813,
0.104329824447632,2.55824756622314,
0.099782705307007,2.57122135162354,
0.106976985931396,2.59207153320312,
0.096963405609131,2.55017304420471,
0.106366872787476,2.59552955627441,
0.105216026306152,2.59554314613342,
0.099300146102905,2.55769228935242,
0.102202415466309,2.60217785835266,
0.099662780761719,2.56626200675964,
0.098813056945801,2.5892858505249,
0.100961208343506,2.62226343154907,
0.097864627838135,2.61718344688416,
0.104654788970947,2.59656476974487,
0.104152917861938,2.53731727600098,
0.099646091461182,2.56609630584717,
0.099712610244751,2.5291895866394,
0.099232912063599,2.52171516418457,
0.106127977371216,2.57287573814392,
0.101341962814331,2.57784938812256,
0.099196910858154,2.59298038482666,
0.100115060806274,2.590411901474,
0.098793029785156,2.55958127975464,
0.097402334213257,2.57247805595398,
0.099151372909546,2.54437565803528,
0.099497795104981,2.5541934967041,
0.101265430450439,2.57039570808411,
0.098863124847412,2.60341501235962,
0.099048376083374,2.58331036567688,
0.099254608154297,2.57768225669861,
0.099225997924805,2.5532112121582,
0.100934505462646,2.57149839401245,
0.099684715270996,2.58006024360657,
0.104682445526123,2.58869791030884,
0.09931230545044,2.56474733352661,
0.112037658691406,2.84477472305298,
0.105515956878662,2.74398326873779,
0.109512567520142,2.52615475654602,
0.101078987121582,2.52982997894287,
0.105510473251343,2.55722212791443,
0.109123468399048,2.54668188095093,
0.107014417648315,2.56581401824951,
0.105990648269653,2.59235239028931,
0.107322216033936,2.56780290603638,
0.098975896835327,2.55046391487122,
0.098088026046753,2.57674384117126,
0.100196123123169,2.5483067035675,
0.10005259513855,2.56599116325378,
0.09937310218811,2.54927158355713,
0.097965717315674,2.56233096122742,
0.098847150802612,2.56712079048157,
0.10678505897522,2.6311342716217,
0.098103284835816,2.61813807487488,
0.101209402084351,2.59622120857239,
0.099862337112427,2.5717306137085,
0.100964069366455,2.53761219978333,
0.101464986801147,2.54199385643005,
0.098169088363648,2.56660223007202,
0.099177598953247,2.60415744781494,
0.104546308517456,2.6260199546814,
0.101086616516113,2.58844065666199,
0.099884748458862,2.57508707046509,
0.106326341629028,2.59108638763428,
0.097124099731445,2.58461093902588,
0.098562955856323,2.58278965950012,
0.099558830261231,2.55182790756226,
0.101089954376221,2.6218888759613,
0.099906921386719,0.098698377609253,2.5464551448822
0.101028919219971,2.53873801231384,
0.102662324905396,2.56706404685974,
0.099661588668823,2.56411194801331,
0.099056959152222,2.58636879920959,
0.102659463882446,2.54871225357056,
0.098775863647461,2.51202821731567,
0.105355501174927,2.54311966896057,
0.105309247970581,2.5627613067627,
0.104665279388428,2.53459692001343,
0.105544567108154,2.5497899055481,
0.100192308425903,2.55545830726624,
0.100718021392822,2.54381728172302,
0.10461163520813,2.57060074806213,
0.098726987838745,2.55457806587219,
0.104279041290283,2.60692405700684,
0.09771728515625,2.61666035652161,
0.103442907333374,2.59031343460083,
0.097233295440674,2.56790089607239,
0.09906792640686,2.56249356269836,
0.101137638092041,2.55779957771301,
0.100550413131714,2.56278324127197,
0.104764699935913,2.55740284919739,
0.101580619812012,2.61048483848572,
0.100158452987671,2.57723569869995,
0.104657888412476,2.59453415870666,
0.096756458282471,2.6079843044281,
0.097373247146607,2.54909229278564,
0.105393648147583,2.54061794281006,
0.104284048080444,2.56215214729309,
0.101847887039185,2.59409713745117,
0.098084688186646,2.60546612739563,
0.099287033081055,2.61464142799377,
0.099120140075684,2.61436176300049,
0.097016096115112,2.62896084785461,
0.104228258132935,2.57786178588867,
0.097422361373901,2.54700303077698,
0.100471973419189,2.56632685661316,
0.099619865417481,2.58076071739197,
0.105571508407593,2.62428593635559,
0.098002910614014,2.61446118354797,
0.098169088363648,2.58812522888184,
0.105829000473022,2.60308790206909,
0.098059177398682,2.60212755203247,
0.09940505027771,2.57064056396484,
0.097822427749634,2.56432604789734,
0.099518775939941,2.55377006530762,
0.098309993743897,2.54129981994629,
0.106522560119629,2.60745429992676,
0.10491156578064,2.56707739830017,
0.102357625961304,2.53492641448975,
0.106091022491455,2.54864025115967,
0.101206541061401,2.58100128173828,
0.105226278305054,2.5360324382782,
0.099578380584717,2.53626370429993,
0.099682331085205,2.51203083992004,
0.098686695098877,2.52173972129822,
0.098345756530762,2.57995200157166,
0.099883794784546,2.53662157058716,
0.098144054412842,2.55085897445679,
0.099036931991577,2.59934401512146,
0.110435485839844,2.56038975715637,
0.099580764770508,2.52793836593628,
0.097100019454956,2.53436422348022,
0.09976601600647,2.60459303855896,
0.098466873168945,2.58852076530457,
0.095708131790161,2.57009172439575,
0.104361772537231,2.57790231704712,
0.100308895111084,2.59948897361755,
0.10396933555603,2.60145831108093,
0.100261449813843,2.60033774375916,
0.099300146102905,2.58761882781982,
0.097141981124878,2.57429623603821,
0.09765625,2.58331346511841,
0.098743677139282,2.57815551757812,
0.104655742645264,2.57340431213379,
0.101026296615601,2.57608962059021,
0.105195760726929,2.6235568523407,
0.10083794593811,2.59136176109314,
0.100268840789795,2.57797002792358,
0.099149703979492,2.53921437263489,
0.105934619903564,2.57714533805847,
0.100606441497803,2.56991147994995,
0.10510516166687,2.57278418540955,
0.105331182479858,2.82965898513794,
0.112240314483643,2.71581792831421,
0.102034091949463,2.50570869445801,
0.106896162033081,2.52672529220581,
0.105839729309082,2.52599573135376,
0.09770941734314,2.54287338256836,
0.099098682403565,2.52927327156067,
0.105845928192139,2.54569387435913,
0.101043701171875,2.54588460922241,
0.105140924453735,2.56630229949951,
0.098497629165649,2.56871461868286,
0.099465847015381,2.54213261604309,
0.107994318008423,2.56364774703979,
0.09945559501648,2.58333325386047,
0.100856304168701,2.57065558433533,
0.098432540893555,2.54883742332458,
0.105088472366333,2.6256947517395,
0.099303483963013,2.56439971923828,
0.098558187484741,2.53930497169495,
0.100273609161377,2.54090690612793,
0.098230123519898,2.52504825592041,
0.098934173583984,2.56770753860474,
0.101606845855713,2.54866361618042,
0.099982500076294,2.55228233337402,
0.110013723373413,2.58004426956177,
0.098594665527344,2.5675630569458,
0.099202394485474,2.54375433921814,
0.100142955780029,2.55201101303101,
0.095764636993408,2.52355694770813,
0.099448680877686,2.52639603614807,
0.099321126937866,2.5434889793396,
0.098868370056152,2.52679443359375,
0.097614049911499,2.54764437675476,
0.098884344100952,2.52160048484802,
0.097607374191284,2.55374813079834,
0.099907636642456,2.54510188102722,
0.099483013153076,2.5716450214386,
0.099038124084473,2.55999541282654,
0.099220037460327,2.56511807441711,
0.099948644638062,2.58899307250977,
0.098612070083618,2.53094434738159,
0.096537828445435,2.55378341674805,
0.097263336181641,2.55330514907837,
0.096635818481445,2.53982424736023,
0.100516080856323,2.5362708568573,
0.099202156066895,2.59520149230957,
0.109551906585693,2.5624783039093,
0.100049734115601,2.57083535194397,
0.098738670349121,2.55146312713623,
0.097483634948731,2.52916359901428,
0.096491813659668,2.51373982429504,
0.100348711013794,2.55208873748779,
0.098555326461792,2.54428243637085,
0.099282026290894,2.57504510879517,
0.098564147949219,2.5604465007782,
0.099471092224121,2.61094260215759,
0.097193717956543,2.55035138130188,
0.095467329025269,2.51606202125549,
0.098183393478394,2.5226743221283,
0.106409072875977,2.58970642089844,
0.100730657577515,2.53110527992249,
0.097997665405274,2.56016707420349,
0.099715709686279,2.52710247039795,
0.100008487701416,2.56125521659851,
0.099268198013306,2.53243207931519,
0.106283187866211,2.56246209144592,
0.098393678665161,2.60669684410095,
0.096766471862793,2.54965233802795,
0.099627256393433,2.53858351707458,
0.096449375152588,2.54072332382202,
0.096872806549072,2.53681302070618,
0.105389595031738,2.57577157020569,
0.108338117599487,2.57317471504211,
0.09982967376709,2.53145003318787,
0.101547002792358,2.55056047439575,
0.104628324508667,2.56670355796814,
0.101266860961914,2.54013657569885,
0.095601558685303,2.55831718444824,
0.098630905151367,2.53874540328979,
0.101034879684448,2.55712604522705,
0.099686145782471,2.52557420730591,
0.098253965377808,2.54656887054443,
0.095647573471069,2.52844619750977,
0.103901386260986,2.57007503509521,
0.105844497680664,2.58892750740051,
0.100144386291504,2.53723835945129,
0.105058193206787,2.58836388587952,
0.097111225128174,2.60355305671692,
0.108080863952637,2.63262009620666,
0.104994297027588,2.56358671188354,
0.101235389709473,2.57280516624451,
0.096792221069336,2.55174899101257,
0.104758977890015,2.58687710762024,
0.098603248596191,2.54181218147278,
0.098348140716553,2.56693577766418,
0.097885847091675,2.55646085739136,
0.099372863769531,2.52331709861755,
0.096766710281372,2.53087639808655,
0.098042964935303,2.53562045097351,
0.097672462463379,2.56830310821533,
0.099145174026489,2.5539186000824,
0.098410606384277,2.55949449539185,
0.104336977005005,2.5724630355835,
0.10287070274353,2.57273745536804,
0.100430965423584,2.56089401245117,
0.096719264984131,2.54060697555542,
0.100783109664917,2.55604124069214,
0.099269866943359,2.56550812721252,
0.098573207855225,2.51978468894958,
0.09881329536438,2.54058384895325,
0.097191572189331,2.58135271072388,
0.10585355758667,2.54832029342651,
0.102344036102295,2.5560622215271,
0.098530292510986,2.53293108940125,
0.098542928695679,2.56533646583557,
0.100672721862793,2.58578824996948,
0.099591732025147,2.55447626113892,
0.098963975906372,2.54418540000916,
0.097406625747681,2.5441586971283,
0.097554206848145,2.56068444252014,
0.099968194961548,2.52614855766296,
0.105112791061401,2.57452845573425,
0.099356651306152,2.57468199729919,
0.098687410354614,2.78537011146545,
0.112077951431274,2.77668190002441,
0.110828876495361,2.81456303596497,
0.119002103805542,2.7716372013092,
0.098837614059448,2.48943066596985,
0.09871244430542,2.52759408950806,
0.096126794815064,2.52941298484802,
0.097501993179321,2.51252675056458,
0.097849607467651,2.55647206306458,
0.102972507476807,2.50186729431152,
0.098223447799683,2.53029108047485,
0.098057508468628,2.50399518013,
0.097649335861206,2.53005170822144,
0.096339464187622,2.52385425567627,
0.10362982749939,2.52816486358643,
0.097999572753906,2.54446506500244,
0.098266124725342,2.51943492889404,
0.105595350265503,2.56382346153259,
0.09727668762207,2.55242156982422,
0.099218845367432,2.56264305114746,
0.098031044006348,2.51579785346985,
0.099368810653687,2.55076503753662,
0.104590654373169,2.55484390258789,
0.107066869735718,2.55146741867065,
0.104631185531616,2.71702766418457,
0.101810455322266,2.56928515434265,
0.098882675170899,2.59214854240417,
0.099507331848145,2.58704042434692,
0.102023601531982,2.58523917198181,
0.101587057113647,2.56305646896362,
0.100327730178833,2.59711813926697,
0.104739665985107,2.66497993469238,
0.103020668029785,2.59562420845032,
0.101350784301758,2.6002676486969,
0.098941326141358,2.53385663032532,
0.104949474334717,2.57162976264954,
0.100426435470581,2.53230810165405,
0.106460809707642,2.58175420761108,
0.098200559616089,2.55054926872253,
0.101507663726807,2.58390784263611,
0.100586891174316,2.54667043685913,
0.099615335464478,2.57967472076416,
0.101009368896484,2.5782642364502,
0.107189655303955,2.60576963424683,
0.106756448745728,2.54424214363098,
0.106449842453003,2.58634567260742,
0.100314617156982,2.52688407897949,
0.100049734115601,2.56960296630859,
0.099545478820801,2.55898690223694,
0.099631071090698,2.57492613792419,
0.10763430595398,2.59877252578735,
0.101340055465698,2.57185339927673,
0.098481416702271,2.57483553886414,
0.103581666946411,2.56544780731201,
0.098758220672608,2.55153465270996,
0.099454879760742,2.55512166023254,
0.10270094871521,2.57704496383667,
0.110262632369995,2.75433945655823,
0.106659173965454,2.60442018508911,
0.098589420318604,2.56463408470154,
0.098071336746216,2.55465388298035,
0.098244428634644,2.55804038047791,
0.108380794525146,2.55078983306885,
0.099816083908081,2.55857801437378,
0.099677562713623,2.64977192878723,
0.098062038421631,2.51488423347473,
0.102219581604004,2.52335643768311,
0.105350971221924,2.56236362457275,
0.098659753799439,2.55177426338196,
0.10619068145752,2.57003402709961,
0.097718715667725,2.56830334663391,
0.099562168121338,2.5680079460144,
0.099244594573975,2.57157492637634,
0.10273814201355,2.56308174133301,
0.108736038208008,2.56535172462463,
0.106132984161377,2.56148076057434,
0.104443073272705,2.58293437957764,
0.107365369796753,2.57580828666687,
0.100437879562378,2.57463765144348,
0.098182916641235,2.58476805686951,
0.106300592422485,2.59543323516846,
0.096802949905396,2.59236836433411,
0.098783493041992,2.5567843914032,
0.099014520645142,2.55867171287537,
0.098936080932617,2.54492235183716,
0.09897255897522,2.5719313621521,
0.105998754501343,2.56157302856445,
0.101814031600952,2.56350922584534,
0.101787567138672,2.60922813415527,
0.107431650161743,2.59511137008667,
0.100375175476074,2.59946942329407,
0.100590229034424,2.56334018707275,
0.099448442459107,2.56993198394775,
0.102955341339111,2.54483723640442,
0.099967002868652,2.55017805099487,
0.100150346755981,2.56094908714294,
0.097789287567139,2.57417845726013,
0.107308149337769,2.55935001373291,
0.10509204864502,2.56543207168579,
0.099178314208984,2.53292870521545,
0.106487035751343,2.56504821777344,
0.099163770675659,2.58828854560852,
0.100670576095581,2.5547308921814,
0.106049299240112,2.57716631889343,
0.100353479385376,2.55105328559875,
0.105930328369141,2.580894947052,
0.101207256317139,2.58151626586914,
0.101677417755127,2.54064464569092,
0.105945110321045,2.55307364463806,
0.099954128265381,2.58138585090637,
0.105840921401978,2.58476233482361,
0.099582433700562,2.5973072052002,
0.098403453826904,2.62452745437622,
0.10605263710022,2.65290331840515,
0.104926824569702,2.56190133094788,
0.099445819854736,2.58925771713257,
0.098368883132935,2.6022047996521,
0.099981069564819,2.58915686607361,
0.106523752212524,2.57307171821594,
0.100509881973267,2.58139133453369,
0.099498748779297,2.54517722129822,
0.103523969650269,2.56878757476807,
0.101588487625122,2.59173822402954,
0.106119632720947,2.59724140167236,
0.098201274871826,2.58018088340759,
0.105397462844849,2.61343741416931,
0.098525285720825,2.59202456474304,
0.099366903305054,2.58681440353394,
0.099540233612061,2.53913450241089,
0.099491357803345,2.58191967010498,
0.100309371948242,2.58440637588501,
0.100192546844482,2.59383535385132,
0.09869647026062,2.56527805328369,
0.101604461669922,2.56497764587402,
0.101073741912842,2.56862735748291,
0.099589824676514,2.58039402961731,
0.100983858108521,2.58327198028564,
0.101801156997681,2.54743361473083,
0.099742889404297,2.58739399909973,
0.10051417350769,2.78396272659302,
0.114872217178345,2.81529951095581,
0.106141328811646,2.75865602493286,
0.107720375061035,2.78604388237,
0.100927591323853,2.50372576713562,
0.098394393920899,2.51894116401672,
0.097857475280762,2.59321618080139,
0.098261117935181,2.65858221054077,
0.108758449554443,2.55766820907593,
0.102256298065186,2.56864833831787,
0.100704193115234,2.59605360031128,
0.106442213058472,2.57400965690613,
0.098342180252075,2.54859185218811,
0.100066900253296,2.56913304328918,
0.100117206573486,2.55769729614258,
0.098481893539429,2.55555486679077,
0.101184844970703,2.56135869026184,
0.099774599075317,2.55505585670471,
0.099958419799805,2.5658814907074,
0.098838090896607,2.57048058509827,
0.099689722061157,2.54095911979675,
0.099561929702759,2.5780234336853,
0.100054025650024,2.54005193710327,
0.098559617996216,2.51143884658813,
0.103752374649048,2.59578418731689,
0.100197553634644,2.5738320350647,
0.107293844223022,2.57508826255798,
0.099174499511719,2.54204344749451,
0.100339651107788,2.57670831680298,
0.106722116470337,2.55977940559387,
0.104277610778809,2.56249833106995,
0.107066631317139,2.60231733322144,
0.100295066833496,2.59580659866333,
0.0995774269104,2.58295297622681,
0.09995174407959,2.55679750442505,
0.098780632019043,2.55008792877197,
0.100900888442993,2.55791425704956,
0.100655078887939,2.56366562843323,
0.105473756790161,2.58362913131714,
0.099937200546265,2.56528091430664,
0.097631454467774,2.55693030357361,
0.099112033843994,2.55023097991943,
0.099093675613403,2.57053375244141,
0.10641360282898,2.57489848136902,
0.099679470062256,2.5704460144043,
0.100651979446411,2.54605579376221,
0.106836557388306,2.58657789230347,
0.099031925201416,2.55120706558228,
0.105697154998779,2.57777976989746,
0.103528738021851,2.53123426437378,
0.101089954376221,2.58422827720642,
0.106551170349121,2.57352900505066,
0.105797529220581,2.56704688072205,
0.100985050201416,2.57174849510193,
0.100382566452026,2.5862557888031,
0.100176095962524,2.53736257553101,
0.102292776107788,2.59463810920715,
0.100037097930908,2.59685659408569,
0.099416017532349,2.56380009651184,
0.099497556686401,2.53936791419983,
0.099975824356079,2.57343316078186,
0.100262880325317,2.57420110702515,
0.107896089553833,2.56542420387268,
0.108550310134888,2.57928490638733,
0.106602668762207,2.58963918685913,
0.105886459350586,2.61409783363342,
0.099317789077759,2.5917444229126,
0.099905729293823,2.59359741210937,
0.101475715637207,2.56606149673462,
0.106582164764404,2.58156776428223,
0.100186347961426,2.59293818473816,
0.106184959411621,2.55370545387268,
0.09951376914978,2.54185223579407,
0.100447654724121,2.5840470790863,
0.101055145263672,2.5646026134491,
0.10035514831543,2.55707669258118,
0.107081651687622,2.593106508255,
0.10041880607605,2.53398132324219,
0.100034475326538,2.55888891220093,
0.106602907180786,2.59396004676819,
0.10581374168396,2.57071900367737,
0.103971004486084,2.68847322463989,
0.09874963760376,2.6329140663147,
0.099428653717041,2.59066867828369,
0.09822416305542,2.57110023498535,
0.100469827651978,2.57382655143738,
0.099488496780396,2.57213044166565,
0.101282835006714,2.56348395347595,
0.099624395370483,2.5867555141449,
0.104693651199341,2.57619643211365,
0.100285291671753,2.56573295593262,
0.100208044052124,2.53699254989624,
0.106175899505615,2.55401706695557,
0.104198455810547,2.5849666595459,
0.098430156707764,2.56888318061829,
0.105640172958374,2.55768489837646,
0.100291728973389,2.58067345619202,
0.098450183868408,2.54589247703552,
0.098324298858643,2.54547142982483,
0.097707509994507,2.54354906082153,
0.104274749755859,2.5759391784668,
0.106674671173096,2.57679533958435,
0.099757671356201,2.52271914482117,
0.098150014877319,2.52806067466736,
0.100054025650024,2.6295371055603,
0.105913639068604,2.59987545013428,
0.099370718002319,2.60708117485046,
0.097657442092896,2.56907749176025,
0.099289894104004,2.53910517692566,
0.098582029342651,2.55710625648499,
0.098392963409424,2.54583382606506,
0.09825325012207,2.56844663619995,
0.099293231964111,2.56131100654602,
0.097465515136719,2.56893920898437,
0.098973989486694,2.55797004699707,
0.099207401275635,2.5955638885498,
0.098286151885986,2.57298970222473,
0.098789930343628,2.57862639427185,
0.106278896331787,2.61383414268494,
0.099088191986084,2.56936240196228,
0.098654747009277,2.55328440666199,
0.099862575531006,2.56944870948791,
0.098781824111939,2.55859804153442,
0.104191780090332,2.75488710403442,
0.102351903915405,2.74547123908997,
0.113559007644653,2.77141284942627,
0.106074333190918,2.62741923332214,
0.098843812942505,2.57369899749756,
0.099854707717896,2.56176018714905,
0.097509622573853,2.55059814453125,
0.107160091400146,2.5721538066864,
0.105173349380493,2.63407039642334,
0.097712993621826,2.60734295845032,
0.108458280563355,2.60105156898499,
0.100481271743774,2.557865858078,
0.105811357498169,2.55420160293579,
0.107013940811157,2.58957552909851,
0.097485065460205,2.56661176681519,
0.098785400390625,2.57194113731384,
0.107049465179443,2.58270478248596,
0.099545955657959,2.56755113601685,
0.096720457077026,2.57060647010803,
0.104814291000366,2.62274885177612,
0.098687887191773,2.54303622245789,
0.098407506942749,2.56055045127869,
0.107119798660278,2.59321188926697,
0.109335422515869,2.598717212677,
0.097346544265747,2.54257702827454,
0.107735157012939,2.573073387146,
0.097960948944092,2.55778884887695,
0.098049640655518,2.56205487251282,
0.10154914855957,2.58002090454102,
0.09890079498291,2.58098316192627,
0.106733560562134,2.61171340942383,
0.100656032562256,2.600093126297,
0.098880767822266,2.59933638572693,
0.10560941696167,2.55489325523376,
0.09804368019104,2.55337905883789,
0.098465919494629,2.59786295890808,
0.098741054534912,2.57112050056458,
0.100131988525391,2.54004430770874,
0.099227666854858,2.60398125648499,
0.106114387512207,2.56247043609619,
0.099440574645996,2.59901309013367,
0.101205110549927,2.58646249771118,
0.099196910858154,2.54359078407288,
0.098695039749146,2.54726839065552,
0.09736442565918,2.52355790138245,
0.097358465194702,2.57415986061096,
0.098571062088013,2.5568675994873,
0.099211692810059,2.60805130004883,
0.106709003448486,2.5815794467926,
0.10207462310791,2.55638670921326,
0.106559276580811,2.57663011550903,
0.10068416595459,2.5826313495636,
0.101479053497314,2.57218503952026,
0.099739789962769,2.56111288070679,
0.107254505157471,2.60633111000061,
0.099151611328125,2.57909512519836,
0.105453014373779,2.55585408210754,
0.097595930099487,2.57607007026672,
0.105982780456543,2.59748387336731,
0.107910633087158,2.57791256904602,
0.09959626197815,2.60535788536072,
0.105695247650146,2.59035277366638,
0.099714040756226,2.5815486907959,
0.107049703598022,2.57023954391479,
0.099215745925903,2.56463479995728,
0.098533153533936,2.52713632583618,
0.107273101806641,2.58465099334717,
0.106707811355591,2.60792088508606,
0.112146615982056,2.60576009750366,
0.107580900192261,2.68567800521851,
0.099626779556275,2.59678983688354,
0.101236581802368,2.55281329154968,
0.100823640823364,2.57410025596619,
0.108119010925293,2.60273766517639,
0.106136560440063,2.65170407295227,
0.106678009033203,2.55212306976318,
0.099775314331055,2.5407223701477,
0.098435878753662,2.57622051239014,
0.099137783050537,2.53067016601562,
0.099054336547852,2.54205632209778,
0.098534107208252,2.55212569236755,
0.097942590713501,2.56912088394165,
0.10657000541687,2.53472518920898,
0.09838342666626,2.58685183525085,
0.099079847335816,2.58268451690674,
0.098755121231079,2.56712102890015,
0.099313735961914,2.58993148803711,
0.107543706893921,2.59417009353638,
0.101012945175171,2.56824946403503,
0.098727941513062,2.56226110458374,
0.099358797073364,2.55777812004089,
0.09853458404541,2.60922765731812,
0.097938776016235,2.63408422470093,
0.09929633140564,2.58619737625122,
0.098485946655274,2.53772115707397,
0.106768608093262,2.58572816848755,
0.097398519515991,2.59233069419861,
0.099343538284302,2.54088020324707,
0.107109069824219,2.56624794006348,
0.099132299423218,2.57212376594543,
0.098929166793823,2.52998352050781,
0.099030733108521,2.5312328338623,
0.098896741867066,2.56911849975586,
0.098431825637817,2.57182478904724,
0.098439931869507,2.57036900520325,
0.100913524627686,2.53944516181946,
0.099998950958252,2.54356026649475,
0.099022626876831,2.54689049720764,
0.097997665405274,2.54833292961121,
0.098140478134155,2.59527730941772,
0.098093271255493,2.54443860054016,
0.107465744018555,2.60705828666687,
0.098172187805176,2.58201503753662,
0.098795890808106,2.53728675842285,
0.097907066345215,2.56838321685791,
0.09936261177063,2.53285050392151,
0.099363088607788,2.53589558601379,
0.09922981262207,2.56418037414551,
0.099790573120117,2.53456449508667,
0.098148584365845,2.55660915374756,
0.100181102752686,2.54762697219849,
0.099852085113525,2.57295155525208,
0.110656023025513,2.58355975151062,
0.098156690597534,2.55755305290222,
0.106016397476196,2.58084797859192,
0.09900164604187,2.56028413772583,
0.107177734375,2.56433629989624,
0.10671854019165,2.55635452270508,
0.100592136383057,2.54239249229431,
0.099114894866943,2.53290605545044,
0.103305578231812,2.53936862945557,
0.097713470458984,2.55860137939453,
0.107991695404053,2.59247088432312,
0.107022523880005,2.55627489089966,
0.098262548446655,2.56271195411682,
0.097777605056763,2.57675576210022,
0.099352836608887,2.57425618171692,
0.104370355606079,2.60535979270935,
0.105265855789185,2.54492974281311,
0.099469184875488,2.55208230018616,
0.099193334579468,2.58995723724365,
0.099020004272461,2.59888076782227,
0.106938123703003,2.62566375732422,
0.099673986434937,2.60509490966797,
0.105645418167114,2.57876563072205,
0.099646329879761,2.56794476509094,
0.099367141723633,2.55481958389282,
0.098773241043091,2.5997633934021,
0.100817203521729,2.56820225715637,
0.103405952453613,2.52297472953796,
0.100772142410278,2.56683659553528,
0.100892305374146,2.59645295143127,
0.09899115562439,2.58330392837524,
0.10706353187561,2.60057973861694,
0.099832534790039,2.53463578224182,
0.105917453765869,2.60738444328308,
0.102835655212402,2.55810117721558,
0.099121332168579,2.60230135917664,
0.099810361862183,2.58239006996155,
0.100787401199341,2.56494307518005,
0.099533796310425,2.56647539138794,
0.101457595825195,2.55169272422791,
0.102417945861816,2.54673647880554,
0.100208520889282,2.54927134513855,
0.101916551589966,2.57477378845215,
0.099746465682983,2.56288075447083,
0.10622763633728,2.61613965034485,
0.10230016708374,2.56942176818848,
0.099792003631592,2.57024002075195,
0.10751223564148,2.62417912483215,
0.10104513168335,2.59303712844849,
0.100018501281738,2.6133406162262,
0.100401639938355,2.58010768890381,
0.107476472854614,2.60754132270813,
0.101095199584961,2.55834817886353,
0.100184440612793,2.61970520019531,
0.106017827987671,2.61608219146729,
0.101600170135498,2.5659487247467,
0.101256370544434,2.54704427719116,
0.100314140319824,2.57491421699524,
0.10098147392273,2.57529520988464,
0.107028484344482,2.61916255950928,
0.100444793701172,2.5538158416748,
0.105584621429443,2.56356954574585,
0.098587036132813,2.54591178894043,
0.099542617797852,2.61990189552307,
0.103986501693726,2.56473588943481,
0.107720851898193,2.58022713661194,
0.098544597625733,2.56903076171875,
0.102363348007202,2.55602383613586,
0.098232269287109,2.54794001579285,
0.099970102310181,2.5458972454071,
0.100024700164795,2.54533934593201,
0.098840236663818,2.55683398246765,
0.100233793258667,2.6114501953125,
0.100630283355713,2.64591550827026,
0.098940134048462,2.69405102729797,
0.105515003204346,2.63785099983215,
0.104645252227783,2.60924649238586,
0.102087736129761,2.59593200683594,
0.100764036178589,2.58872485160828,
0.09826397895813,2.5652437210083,
0.098352193832398,2.55908107757568,
0.101984977722168,2.56248068809509,
0.099740982055664,2.60271501541138,
0.105893611907959,2.6035418510437,
0.100538730621338,2.56097722053528,
0.107953548431396,2.57827472686768,
0.100059747695923,2.54585456848145,
0.100329875946045,2.56852507591248,
0.102063655853271,2.54481220245361,
0.099063158035278,2.57093501091003,
0.106806993484497,2.56229948997498,
0.098100900650024,2.56503057479858,
0.107705593109131,2.55128383636475,
0.106154203414917,2.5728747844696,
0.09980058670044,2.58496880531311,
0.10821270942688,2.59381914138794,
0.103479862213135,2.53718614578247,
0.098845481872559,2.59157299995422,
0.108634948730469,2.56458306312561,
0.099646329879761,2.56743860244751,
0.109726905822754,2.57677364349365,
0.108351230621338,2.60420060157776,
0.098423957824707,2.55748152732849,
0.100205898284912,2.55652332305908,
0.098019123077393,2.5451328754425,
0.099996328353882,2.55522847175598,
0.10797905921936,2.60190391540527,
0.107366561889648,2.57947111129761,
0.101182699203491,2.58803534507751,
0.100487232208252,2.59584832191467,
0.100546360015869,2.63255286216736,
0.099562644958496,2.61022043228149,
0.10733437538147,2.58732843399048,
0.099628925323486,2.57178854942322,
0.09990406036377,2.52831816673279,
0.099380016326904,2.57462024688721,
0.104719638824463,2.57290482521057,
0.106829166412354,2.6007342338562,
0.10082483291626,2.55264592170715,
0.10113263130188,2.62080073356628,
0.109655380249023,2.72815036773682,
0.107161521911621,2.76236891746521,
0.103601932525635,2.70743989944458,
0.10683012008667,2.63226771354675,
0.104952812194824,2.49744629859924,
0.099748849868775,2.51980876922607,
0.100186586380005,2.53555512428284,
0.098589658737183,2.555823802948,
0.098061323165894,2.60160446166992,
0.105658054351807,2.55489993095398,
0.100255966186523,2.50832724571228,
0.097814798355103,2.51492428779602,
0.101196527481079,2.54339146614075,
0.096978425979614,2.55046677589416,
0.098809003829956,2.53193306922913,
0.100991725921631,2.53439402580261,
0.101408004760742,2.55125999450684,
0.102147817611694,2.60168051719666,
0.099443674087524,2.6169068813324,
0.104946136474609,2.61779546737671,
0.105470418930054,2.6062216758728,
0.097559213638306,2.52309918403625,
0.098552942276001,2.56229901313782,
0.099629163742066,2.54187679290771,
0.145249843597412,2.66127705574036,
0.099990129470825,2.55716848373413,
0.099672317504883,2.55012345314026,
0.098549127578735,2.57293057441711,
0.101447105407715,2.60025405883789,
0.100283145904541,2.55785512924194,
0.099547386169434,2.59985160827637,
0.102066278457642,2.58197951316833,
0.101238965988159,2.55448627471924,
0.099176645278931,2.59057331085205,
0.109086513519287,2.58376884460449,
0.099964857101441,2.58037519454956,
0.105435132980347,2.5672459602356,
0.09803032875061,2.53019332885742,
0.108108282089233,2.60710668563843,
0.099384784698486,2.57580399513245,
0.100150585174561,2.63003540039062,
0.100390672683716,2.62977051734924,
0.100621700286865,2.61174035072327,
0.103343963623047,2.58505487442017,
0.099810838699341,2.57105755805969,
0.102851152420044,2.70234084129333,
0.101417303085327,2.85631346702576,
0.102066040039063,2.60487103462219,
0.111300945281982,2.5589919090271,
0.103693723678589,2.68007373809814,
0.10612678527832,2.81921315193176,
0.115190505981445,2.76232385635376,
0.102024078369141,2.72229099273682,
0.100795030593872,2.72795510292053,
0.115053415298462,2.74488687515259,
0.112737894058228,2.69813799858093,
0.106244325637817,2.71700143814087,
0.114423751831055,2.73215317726135,
0.114752769470215,2.69911503791809,
0.11683201789856,2.72864151000977,
0.120943546295166,2.74006652832031,
0.104948282241821,2.72796225547791,
0.103302478790283,2.59225273132324,
0.102686882019043,2.67123627662659,
0.103456258773804,2.63311886787415,
0.107860803604126,2.71686768531799,
0.121281147003174,3.00189089775085,
0.117421865463257,3.35554814338684,
0.161802291870117,2.78140544891357,
0.110482931137085,2.63084101676941,
0.102145433425903,2.76865601539612,
0.108978509902954,3.29079103469849,
0.112560987472534,2.70728373527527,
0.12448263168335,2.81294727325439,
0.10781455039978,2.86985158920288,
0.109665393829346,2.96311831474304,
0.105872869491577,3.03569650650024,
0.126654624938965,3.08343124389648,
0.110743761062622,3.12399172782898,
0.109301328659058,3.07670855522156,
0.120662212371826,3.07638430595398,
0.102558135986328,3.04324555397034,
0.11206316947937,3.04053449630737,
0.118054389953613,3.07384562492371,
0.120598793029785,3.09833335876465,
0.110931396484375,3.07441878318787,
0.108932733535767,2.97435736656189,
0.106796503067017,2.76240634918213,
0.102087020874023,2.61360740661621,
0.106202840805054,2.69619798660278,
0.114471673965454,2.95035409927368,
0.10368800163269,2.74697279930115,
0.110193014144897,2.65663647651672,
0.104680061340332,2.67552447319031,
0.104127407073975,2.63108777999878,
0.101134061813355,2.56081247329712,
0.102126359939575,2.56440091133118,
0.101104736328125,2.55887532234192,
0.101884841918945,2.55161070823669,
0.107602834701538,2.56861138343811,
0.103474378585815,2.60573482513428,
0.10350775718689,2.61157178878784,
0.100063323974609,2.60972237586975,
0.101307392120361,2.57866716384888,
0.109129667282105,2.60226655006409,
0.101752519607544,2.60304069519043,
0.099821329116821,2.62977933883667,
0.101892232894897,2.61762475967407,
0.099254608154297,2.60448455810547,
0.10406494140625,2.60236024856567,
0.108871221542358,2.59670567512512,
0.100240707397461,2.58928751945496,
0.103728771209717,2.55919742584229,
0.110094785690308,2.60406637191772,
0.108503341674805,2.61205363273621,
0.108550071716309,2.59773635864258,
0.101240634918213,2.58037638664246,
0.100644588470459,2.57546305656433,
0.10985255241394,2.56589794158936,
0.102780818939209,2.58884358406067,
0.108535289764404,2.59272623062134,
0.101423740386963,2.57208800315857,
0.109656810760498,2.58137607574463,
0.103744983673096,2.61122584342957,
0.108564376831055,2.64958834648132,
0.100540161132813,2.59721231460571,
0.100035190582275,2.59285950660706,
0.100873231887817,2.57593512535095,
0.099725246429443,2.55468106269836,
0.109028816223145,2.58625221252441,
0.100110054016113,2.54554653167725,
0.108956813812256,2.55834650993347,
0.101421117782593,2.56497859954834,
0.101098537445068,2.55392408370972,
0.100447416305542,2.55264496803284,
0.100532531738281,2.56562972068787,
0.102342367172241,2.58152318000793,
0.099638223648071,2.59781885147095,
0.101539134979248,2.552649974823,
0.098812341690064,2.54033255577087,
0.107298612594605,2.62601733207703,
0.104701042175293,2.58271718025208,
0.101710319519043,2.59856772422791,
0.10996150970459,2.64972615242004,
0.101640701293945,2.63646984100342,
0.103275775909424,2.60172343254089,
0.101365804672241,2.56927633285522,
0.101206064224243,2.57926440238953,
0.101665019989014,2.61554074287415,
0.109124898910522,2.59528398513794,
0.103100776672363,2.56376051902771,
0.10164475440979,2.57648396492004,
0.10010552406311,2.58234190940857,
0.102513313293457,2.58309197425842,
0.100611925125122,2.56637382507324,
0.109157562255859,2.59663796424866,
0.100192546844482,2.53113555908203,
0.100553512573242,2.56673502922058,
0.102405548095703,2.569575548172,
0.100752592086792,2.55048227310181,
0.102191925048828,2.55922293663025,
0.107853412628174,2.54830574989319,
0.099035263061524,2.6007821559906,
0.108930110931396,2.64342427253723,
0.102060556411743,2.59996819496155,
0.100479602813721,2.5924060344696,
0.10808539390564,2.54344248771667,
0.100815534591675,2.56486940383911,
0.102989673614502,2.56547617912292,
0.100483655929565,2.5496335029602,
0.102339029312134,2.56157445907593,
0.110652208328247,2.55898308753967,
0.102753877639771,2.59773635864258,
0.108537912368774,2.58778810501099,
0.107822895050049,2.54261422157288,
0.100496053695679,2.53480243682861,
0.109841346740723,2.55642890930176,
0.09848690032959,2.57907843589783,
0.110535621643066,2.60687351226807,
0.10896635055542,2.62218022346497,
0.110481023788452,2.56381845474243,
0.107634782791138,2.53388118743896,
0.101646661758423,2.57314133644104,
0.100922107696533,2.57459402084351,
0.108221292495728,2.5613374710083,
0.105385065078735,2.53480315208435,
0.098126649856567,2.53892421722412,
0.100476264953613,2.58328485488892,
0.10051155090332,2.58832311630249,
0.099834680557251,2.63916921615601,
0.102012634277344,2.58511567115784,
0.102119445800781,2.58243799209595,
0.100387334823608,2.57699537277222,
0.102136611938477,2.54414629936218,
0.106594800949097,2.58070540428162,
0.103895425796509,2.56098651885986,
0.109439134597778,2.56183266639709,
0.101779937744141,2.53673100471497,
0.101601600646973,2.57278060913086,
0.100984573364258,2.58541631698608,
0.100186347961426,2.56699323654175,
0.108778953552246,2.58237671852112,
0.102437973022461,2.57343316078186,
0.099648952484131,2.55405354499817,
0.102025032043457,2.63249015808105,
0.101428508758545,2.55577516555786,
0.101762771606445,2.55321168899536,
0.100185871124268,2.59009051322937,
0.100262403488159,2.54380941390991,
0.100220203399658,2.56226515769958,
0.102762937545776,2.5808527469635,
0.100991010665894,2.538325548172,
0.100737810134888,2.5735080242157,
0.100574970245361,2.55253195762634,
0.100730180740356,2.57758116722107,
0.109317064285278,2.59780192375183,
0.10033392906189,2.52264976501465,
0.102299451828003,2.58088707923889,
0.100630521774292,2.60696721076965,
0.100912809371948,2.5502610206604,
0.10903787612915,2.59469819068909,
0.108739852905273,2.56219601631165,
0.113526344299316,2.59939622879028,
0.110110282897949,2.60769414901733,
0.110113143920898,2.6428120136261,
0.101195573806763,2.55979681015015,
0.100476264953613,2.54113817214966,
0.108706712722778,2.58749938011169,
0.109467506408691,2.77878713607788,
0.105754852294922,2.72085428237915,
0.10955023765564,2.54225254058838,
0.102254867553711,2.54701375961304,
0.106760025024414,2.58213591575623,
0.100877046585083,2.56887650489807,
0.102168083190918,2.55115818977356,
0.100893974304199,2.56177639961243,
0.10004711151123,2.54677748680115,
0.100248336791992,2.5600802898407,
0.108999013900757,2.55909609794617,
0.109046220779419,2.56763315200806,
0.11015772819519,2.56481289863586,
0.101096630096436,2.56071782112122,
0.102459669113159,2.59177207946777,
0.100821971893311,2.62141299247742,
0.101708889007568,2.57498455047607,
0.100969314575195,2.60411143302917,
0.10079836845398,2.55441832542419,
0.100653886795044,2.57058167457581,
0.108670234680176,2.59940361976624,
0.108153581619263,2.60637497901916,
0.100519418716431,2.57417035102844,
0.107186317443848,2.58701395988464,
0.109013319015503,2.56022071838379,
0.110065698623657,2.58849406242371,
0.101459741592407,2.58891916275024,
0.107190132141113,2.56897330284119,
0.099217653274536,2.53619694709778,
0.100643396377563,2.57064008712769,
0.102204084396362,2.57043838500977,
0.101593732833862,2.55740213394165,
0.102187871932983,2.54134821891785,
0.109419584274292,2.63116550445557,
0.109575748443604,2.58499264717102,
0.101394891738892,2.55331182479858,
0.099934339523316,2.56516647338867,
0.102391481399536,2.53283596038818,
0.107178688049316,2.54659008979797,
0.102399587631226,2.55147480964661,
0.099348545074463,2.54955387115479,
0.100129365921021,2.56602168083191,
0.103224992752075,2.56529092788696,
0.100911140441895,2.54695558547974,
0.100322723388672,2.54439425468445,
0.101476430892944,2.56254386901855,
0.10826587677002,2.62294864654541,
0.10219669342041,2.60755586624145,
0.107966661453247,2.63492918014526,
0.109537839889526,2.61969304084778,
0.102968454360962,2.62594938278198,
0.101233005523682,2.60653162002563,
0.10998272895813,2.60983085632324,
0.111061096191406,2.58046102523804,
0.103605508804321,2.6205141544342,
0.107300996780396,2.5914032459259,
0.103611469268799,2.54232215881348,
0.102166652679443,2.57787370681763,
0.101106405258179,2.55930829048157,
0.101696968078613,2.5979950428009,
0.101277589797974,2.58944988250732,
0.101049661636353,2.58240938186645,
0.102701187133789,2.5718514919281,
0.101579904556274,2.57639861106873,
0.109373092651367,2.6162896156311,
0.102394342422485,2.55777454376221,
0.103244304656982,2.57573413848877,
0.108911514282227,2.56614565849304,
0.1083824634552,2.54697847366333,
0.101504802703857,2.56889009475708,
0.102684497833252,2.55725646018982,
0.100491762161255,2.5419454574585,
0.111737966537476,2.56333613395691,
0.109684944152832,2.56365251541138,
0.108775615692139,2.61808252334595,
0.10818886756897,2.56419038772583,
0.102396249771118,2.56151652336121,
0.107775926589966,2.568284034729,
0.101778030395508,2.58032512664795,
0.101892709732056,2.6259458065033,
0.10131311416626,2.62513875961304,
0.110092639923096,2.57285141944885,
0.102560520172119,2.53367352485657,
0.100718259811401,2.58057475090027,
0.10174560546875,2.54661393165588,
0.101373434066772,2.59422874450684,
0.109739780426025,2.60747623443604,
0.101187944412231,2.59159135818481,
0.100962162017822,2.59445548057556,
0.099503993988037,2.55885457992554,
0.109649181365967,2.57591915130615,
0.108150243759155,2.57974982261658,
0.110424041748047,2.56522226333618,
0.111932277679443,2.6070990562439,
0.102140426635742,2.58173251152039,
0.102927923202515,2.5908350944519,
0.101765394210815,2.55410861968994,
0.101380825042725,2.56871294975281,
0.102392435073853,2.59227800369263,
0.102119207382202,2.59107327461243,
0.109522819519043,2.64388108253479,
0.101675033569336,2.56318831443787,
0.099850654602051,2.5399763584137,
0.110858917236328,2.58560752868652,
0.104776382446289,2.53733777999878,
0.1035475730896,2.58121943473816,
0.102419853210449,2.63756537437439,
0.109187841415405,2.58545565605164,
0.103162050247192,2.54462599754333,
0.101954698562622,2.5510561466217,
0.10300612449646,2.56912302970886,
0.099779844284058,2.61137533187866,
0.10373592376709,2.55931901931763,
0.102198123931885,2.56862044334412,
0.102460622787476,2.54631567001343,
0.109589099884033,2.62630987167358,
0.11109447479248,2.67511820793152,
0.102628231048584,2.76127338409424,
0.115732908248901,2.74593806266785,
0.108659744262695,2.71661901473999,
0.10658073425293,2.59834980964661,
0.099717855453491,2.57657623291016,
0.129888772964478,2.73406052589416,
0.102138042449951,2.60195302963257,
0.102347373962402,2.6109619140625,
0.100995302200317,2.60440564155579,
0.103718280792236,2.58394122123718,
0.099971532821655,2.5507550239563,
0.108733415603638,2.5835599899292,
0.101705312728882,2.619220495224,
0.105802774429321,2.6310408115387,
0.09952449798584,2.61923813819885,
0.102453708648682,2.62437653541565,
0.110328674316406,2.62029385566711,
0.108278274536133,2.60583162307739,
0.101850748062134,2.58425903320312,
0.101548910140991,2.55498361587524,
0.100594997406006,2.57900357246399,
0.102783679962158,2.60013365745544,
0.102539777755737,2.58823895454407,
0.108788967132568,2.58699297904968,
0.102018117904663,2.57582902908325,
0.10877537727356,2.59102916717529,
0.100051164627075,2.56449604034424,
0.105994701385498,2.59355306625366,
0.101450681686401,2.53256034851074,
0.101809740066528,2.55132412910461,
0.099997282028198,2.55008602142334,
0.100998401641846,2.52551937103271,
0.097995281219483,2.56786799430847,
0.100881338119507,2.54936981201172,
0.102372169494629,2.55969619750977,
0.100401163101196,2.53728914260864,
0.103329420089722,2.56790566444397,
0.105883359909058,2.61506652832031,
0.10158634185791,2.57015752792358,
0.100998163223267,2.596604347229,
0.102311134338379,2.60911273956299,
0.10964560508728,2.65271019935608,
0.102791547775269,2.58122944831848,
0.105232238769531,2.55384540557861,
0.101195812225342,2.6256365776062,
0.108136177062988,2.62833952903748,
0.109868049621582,2.60873985290527,
0.101266145706177,2.59857821464539,
0.108806371688843,2.60056924819946,
0.109280347824097,2.6125009059906,
0.108403921127319,2.56390476226807,
0.102634191513062,2.5782253742218,
0.100817680358887,2.59292364120483,
0.101969957351685,2.60195159912109,
0.101616382598877,2.55571389198303,
0.102917671203613,2.59154844284058,
0.101148366928101,2.54617190361023,
0.104191064834595,2.56583404541016,
0.10078501701355,2.57662105560303,
0.104594707489014,2.58878588676453,
0.098904371261597,2.61932778358459,
0.102479696273804,2.57580637931824,
0.100749731063843,2.60216546058655,
0.101054668426514,2.60003209114075,
0.109968185424805,2.61400389671326,
0.104898929595947,2.58400273323059,
0.108587265014648,2.58511829376221,
0.101210117340088,2.58965229988098,
0.103886604309082,2.60353088378906,
0.103389739990234,2.589674949646,
0.100769996643066,2.57914638519287,
0.107289552688599,2.57350730895996,
0.107544660568237,2.58728718757629,
0.103715658187866,2.56903862953186,
0.100531578063965,2.59639143943787,
0.109335899353027,2.56586313247681,
0.101722240447998,2.57536435127258,
0.102332592010498,2.60933589935303,
0.101251602172852,2.59589147567749,
0.100521564483643,2.55596232414246,
0.102187395095825,2.59425449371338,
0.102708101272583,2.58013296127319,
0.107850551605225,2.59171342849731,
0.10198974609375,2.59479069709778,
0.099594831466675,2.55398797988892,
0.100459098815918,2.54644227027893,
0.099120378494263,2.59450721740723,
0.10224986076355,2.60654997825623,
0.108623504638672,2.59757375717163,
0.101163625717163,2.62420105934143,
0.111441373825073,2.6444821357727,
0.10357403755188,2.58746409416199,
0.099332571029663,2.60409832000732,
0.10260009765625,2.62520289421082,
0.102658987045288,2.56316018104553,
0.110634565353394,2.60994029045105,
0.107826471328735,2.57429432868958,
0.101953029632568,2.55922412872314,
0.101773977279663,2.58166646957397,
0.109343767166138,2.62633943557739,
0.101996421813965,2.57022213935852,
0.111949443817139,2.60394477844238,
0.109733104705811,2.64501476287842,
0.100724458694458,2.58154201507568,
0.103053331375122,2.57063317298889,
0.107410907745361,2.61114716529846,
0.101508140563965,2.57546806335449,
0.110660791397095,2.61268830299377,
0.101531744003296,2.57494330406189,
0.103825330734253,2.60329246520996,
0.108226299285889,2.5738217830658,
0.106664180755615,2.60052180290222,
0.101344585418701,2.55013012886047,
0.104017496109009,2.6143205165863,
0.10188889503479,2.59203577041626,
0.102905035018921,2.5973596572876,
0.102564334869385,2.57156181335449,
0.10417628288269,2.58893632888794,
0.100791931152344,2.53991007804871,
0.103494882583618,2.59536480903625,
0.100364923477173,2.68208861351013,
0.118542909622192,2.79272437095642,
0.109546661376953,2.75316905975342,
0.116883754730225,2.57454299926758,
0.100976705551147,2.53831481933594,
0.101272583007813,2.53530764579773,
0.109118700027466,2.57224178314209,
0.108291864395142,2.55377650260925,
0.103884935379028,2.58725333213806,
0.101862668991089,2.5454421043396,
0.101317405700684,2.56919312477112,
0.101915597915649,2.54051470756531,
0.100111722946167,2.55492639541626,
0.101611614227295,2.58674716949463,
0.111186265945435,2.63680124282837,
0.102566957473755,2.62940573692322,
0.099903106689453,2.58467769622803,
0.101732492446899,2.5541844367981,
0.098815679550171,2.54263186454773,
0.11113977432251,2.59598684310913,
0.100913286209106,2.54668736457825,
0.109236717224121,2.55879759788513,
0.103974342346191,2.60547685623169,
0.102521896362305,2.54149723052979,
0.099621534347534,2.57199239730835,
0.109165668487549,2.64939117431641,
0.102516889572144,2.56860971450806,
0.110631465911865,2.57426619529724,
0.102581739425659,2.57504963874817,
0.101237058639526,2.53354406356812,
0.101869821548462,2.5411651134491,
0.102245569229126,2.55329155921936,
0.099910259246826,2.52928161621094,
0.101587533950806,2.57471394538879,
0.109637498855591,2.60929584503174,
0.108614683151245,2.58811545372009,
0.109333753585815,2.56688618659973,
0.110459804534912,2.58373832702637,
0.102683305740356,2.63462138175964,
0.104252338409424,2.59741687774658,
0.109797716140747,2.58971858024597,
0.102803945541382,2.53943347930908,
0.102282762527466,2.54046082496643,
0.103352546691895,2.54423379898071,
0.103938341140747,2.55422258377075,
0.108217477798462,2.5882420539856,
0.102206468582153,2.59144163131714,
0.101734161376953,2.57427024841309,
0.10068416595459,2.58964467048645,
0.10179615020752,2.57031106948853,
0.101932048797607,2.59502768516541,
0.101003885269165,2.57830715179443,
0.101966619491577,2.5816433429718,
0.102672100067139,2.57073283195496,
0.1109619140625,2.62915778160095,
0.103071451187134,2.56178450584412,
0.101888418197632,2.53608250617981,
0.108405590057373,2.59169173240662,
0.102831363677979,2.578693151474,
0.101862668991089,2.59848713874817,
0.108874559402466,2.5932412147522,
0.103394508361816,2.54473447799683,
0.101759433746338,2.53436303138733,
0.103988170623779,2.56575655937195,
0.103209018707275,2.55764865875244,
0.10158371925354,2.5199716091156,
0.101756572723389,2.52855896949768,
0.10228705406189,2.53496623039246,
0.109488010406494,2.55872344970703,
0.103608369827271,2.56441473960876,
0.109433174133301,2.58987045288086,
0.101752042770386,2.61628341674805,
0.101993322372437,2.5987012386322,
0.101943016052246,2.54953289031982,
0.10261344909668,2.51644611358643,
0.108650922775269,2.57248306274414,
0.111562013626099,2.54630255699158,
0.102816820144653,2.55438184738159,
0.10519289970398,2.5898334980011,
0.101787567138672,2.58241438865662,
0.101173400878906,2.58617782592773,
0.103038549423218,2.60526657104492,
0.103491306304932,2.54316926002502,
0.108259201049805,2.53399324417114,
0.110205411911011,2.57635378837585,
0.102036237716675,2.56089162826538,
0.104116678237915,2.57811212539673,
0.101406812667847,2.55962729454041,
0.099134683609009,2.56128478050232,
0.101871967315674,2.57422089576721,
0.110882759094238,2.56086945533752,
0.105021476745605,2.55901956558228,
0.101439952850342,2.54229736328125,
0.102103233337402,2.54910969734192,
0.100106477737427,2.56295013427734,
0.102462291717529,2.56931781768799,
0.103780269622803,2.58107161521912,
0.110702514648438,2.57475543022156,
0.106641054153442,2.57567310333252,
0.104562520980835,2.59285855293274,
0.103841066360474,2.58731698989868,
0.105886459350586,2.58347535133362,
0.10160756111145,2.57498407363892,
0.101335287094116,2.61697316169739,
0.103675842285156,2.58927631378174,
0.111014842987061,2.5609073638916,
0.108476877212524,2.59668660163879,
0.102892160415649,2.54234051704407,
0.101466178894043,2.55546236038208,
0.102766513824463,2.5485954284668,
0.100690603256226,2.52980065345764,
0.105147838592529,2.57238459587097,
0.1108717918396,2.58345174789429,
0.103020191192627,2.55189657211304,
0.09787917137146,2.57960224151611,
0.110875368118286,2.57568573951721,
0.100783348083496,2.54626655578613,
0.110550165176392,2.57991170883179,
0.101363182067871,2.54102611541748,
0.109528779983521,2.54965877532959,
0.101592540740967,2.5503876209259,
0.104788541793823,2.56574034690857,
0.103820323944092,2.55287003517151,
0.109869718551636,2.57085084915161,
0.110187530517578,2.61025071144104,
0.110506772994995,2.6351854801178,
0.102814435958862,2.60234189033508,
0.109258413314819,2.59843683242798,
0.101152420043945,2.55933427810669,
0.102177381515503,2.57046627998352,
0.102395296096802,2.57202434539795,
0.105455636978149,2.57783317565918,
